,2025-12-11 03:39:10,Recon Name,,,,,,,,,,,,,,,,,,,,,,,,,,,,,,,,,,,,,,,,,,,,Primary Recon,,,,,,,,,,,,,,,,,,,,,,,,,,,,,,,SubRecon1,,,,,,,,,,,,,,,,,,,,,,,Secondary Recon 1,,,,,,,,,,,,,,,,,,,,,,,,,,,,,,,SubRecon1,,,,,,,,,,,,,,,,,,,,,,,Secondary Recon 2,,,,,,,,,,,,,,,,,,,,,,,,,,,,,,,SubRecon1,,,,,,,,,,,,,,,,,,,,,,,Secondary Recon 3,,,,,,,,,,,,,,,,,,,,,,,,,,,,,,,SubRecon1,,,,,,,,,,,,,,,,,,,,,,,Secondary Recon 4,,,,,,,,,,,,,,,,,,,,,,,,,,,,,,,SubRecon1,,,,,,,,,,,,,,,,,,,,,,,Secondary Recon 5,,,,,,,,,,,,,,,,,,,,,,,,,,,,,,,SubRecon1,,,,,,,,,,,,,,,,,,,,,,,Secondary Recon 6,,,,,,,,,,,,,,,,,,,,,,,,,,,,,,,SubRecon1,,,,,,,,,,,,,,,,,,,,,,,Secondary Recon 7,,,,,,,,,,,,,,,,,,,,,,,,,,,,,,,SubRecon1,,,,,,,,,,,,,,,,,,,,,,,Secondary Recon 8,,,,,,,,,,,,,,,,,,,,,,,,,,,,,,,SubRecon1,,,,,,,,,,,,,,,,,,,,,,,Secondary Recon 9,,,,,,,,,,,,,,,,,,,,,,,,,,,,,,,SubRecon1,,,,,,,,,,,,,,,,,,,,,,,Secondary Recon 10,,,,,,,,,,,,,,,,,,,,,,,,,,,,,,,SubRecon1,,,,,,,,,,,,,,,,,,,,,,,Secondary Recon 11,,,,,,,,,,,,,,,,,,,,,,,,,,,,,,,SubRecon1,,,,,,,,,,,,,,,,,,,,,,,Secondary Recon 12,,,,,,,,,,,,,,,,,,,,,,,,,,,,,,,SubRecon1,,,,,,,,,,,,,,,,,,,,,,,
No.,Session Name,Total CTDI,Total DLP,Anatomy,Protocol Category,Protocol#,Protocol Name,Series,Orientation,Position,Landmark,Copy Forward,Auto Voice Language,Auto Scan,IV Contrast,Oral Contrast,Simple Setting,Group,SFOV,kV Mode,kV,Min kV,Max kV,mA Mode,Min mA,Max mA,mA,GSI mA Mode,GSI Profile,Scout Plane,Prep/Group Delay,Lock Group Delay,Auto Voice,Breathing Lights,Scan Type,Scan Mode,Detector Coverage,Rotation Time,Scan Interval,Number of Passes,Table Positions,Pitch,Time Between Images,CTDI,DLP,isRecon,Recon Slice Thickness,Matrix Size,Recon Type,Enhanced Contrast,Recon Interval,IQ Enhance,Image Enhance Filter,ASiR-V,DLIR,True Enhance DL,MAR,Window Width,Window Level,Recon Start Location,Recon End Location,Recon Mode,Recon Mode(Cardiac),Recon Mode(fluoro),Recon Number of Images,Gantry Tilt,DFOV,A/P center,R/L center,Recon Clinical Identifier,Recon CID Catergory,Noise Index,GSI Assist Link,CID Link,GSI Profile,Flip / Rotate,Type,Anatomy,Name,GSI Image Type,keV,kVp,Data File,MAR,Recon Type,Image Enhance Filter,Enhanced Contrast,ASiR-V,DLIR,Window Level,Window Width,Model,Matrix Size,Number of Image,Slice Thickness,Interval,FOV,Rendering Mode,MD Pair,isRecon,Recon Slice Thickness,Matrix Size,Recon Type,Enhanced Contrast,Recon Interval,IQ Enhance,Image Enhance Filter,ASiR-V,DLIR,True Enhance DL,MAR,Window Width,Window Level,Recon Start Location,Recon End Location,Recon Mode,Recon Mode(Cardiac),Recon Mode(fluoro),Recon Number of Images,Gantry Tilt,DFOV,A/P center,R/L center,Recon Clinical Identifier,Recon CID Catergory,Noise Index,GSI Assist Link,CID Link,GSI Profile,Flip / Rotate,Type,Anatomy,Name,GSI Image Type,keV,kVp,Data File,MAR,Recon Type,Image Enhance Filter,Enhanced Contrast,ASiR-V,DLIR,Window Level,Window Width,Model,Matrix Size,Number of Image,Slice Thickness,Interval,FOV,Rendering Mode,MD Pair,isRecon,Recon Slice Thickness,Matrix Size,Recon Type,Enhanced Contrast,Recon Interval,IQ Enhance,Image Enhance Filter,ASiR-V,DLIR,True Enhance DL,MAR,Window Width,Window Level,Recon Start Location,Recon End Location,Recon Mode,Recon Mode(Cardiac),Recon Mode(fluoro),Recon Number of Images,Gantry Tilt,DFOV,A/P center,R/L center,Recon Clinical Identifier,Recon CID Catergory,Noise Index,GSI Assist Link,CID Link,GSI Profile,Flip / Rotate,Type,Anatomy,Name,GSI Image Type,keV,kVp,Data File,MAR,Recon Type,Image Enhance Filter,Enhanced Contrast,ASiR-V,DLIR,Window Level,Window Width,Model,Matrix Size,Number of Image,Slice Thickness,Interval,FOV,Rendering Mode,MD Pair,isRecon,Recon Slice Thickness,Matrix Size,Recon Type,Enhanced Contrast,Recon Interval,IQ Enhance,Image Enhance Filter,ASiR-V,DLIR,True Enhance DL,MAR,Window Width,Window Level,Recon Start Location,Recon End Location,Recon Mode,Recon Mode(Cardiac),Recon Mode(fluoro),Recon Number of Images,Gantry Tilt,DFOV,A/P center,R/L center,Recon Clinical Identifier,Recon CID Catergory,Noise Index,GSI Assist Link,CID Link,GSI Profile,Flip / Rotate,Type,Anatomy,Name,GSI Image Type,keV,kVp,Data File,MAR,Recon Type,Image Enhance Filter,Enhanced Contrast,ASiR-V,DLIR,Window Level,Window Width,Model,Matrix Size,Number of Image,Slice Thickness,Interval,FOV,Rendering Mode,MD Pair,isRecon,Recon Slice Thickness,Matrix Size,Recon Type,Enhanced Contrast,Recon Interval,IQ Enhance,Image Enhance Filter,ASiR-V,DLIR,True Enhance DL,MAR,Window Width,Window Level,Recon Start Location,Recon End Location,Recon Mode,Recon Mode(Cardiac),Recon Mode(fluoro),Recon Number of Images,Gantry Tilt,DFOV,A/P center,R/L center,Recon Clinical Identifier,Recon CID Catergory,Noise Index,GSI Assist Link,CID Link,GSI Profile,Flip / Rotate,Type,Anatomy,Name,GSI Image Type,keV,kVp,Data File,MAR,Recon Type,Image Enhance Filter,Enhanced Contrast,ASiR-V,DLIR,Window Level,Window Width,Model,Matrix Size,Number of Image,Slice Thickness,Interval,FOV,Rendering Mode,MD Pair,isRecon,Recon Slice Thickness,Matrix Size,Recon Type,Enhanced Contrast,Recon Interval,IQ Enhance,Image Enhance Filter,ASiR-V,DLIR,True Enhance DL,MAR,Window Width,Window Level,Recon Start Location,Recon End Location,Recon Mode,Recon Mode(Cardiac),Recon Mode(fluoro),Recon Number of Images,Gantry Tilt,DFOV,A/P center,R/L center,Recon Clinical Identifier,Recon CID Catergory,Noise Index,GSI Assist Link,CID Link,GSI Profile,Flip / Rotate,Type,Anatomy,Name,GSI Image Type,keV,kVp,Data File,MAR,Recon Type,Image Enhance Filter,Enhanced Contrast,ASiR-V,DLIR,Window Level,Window Width,Model,Matrix Size,Number of Image,Slice Thickness,Interval,FOV,Rendering Mode,MD Pair,isRecon,Recon Slice Thickness,Matrix Size,Recon Type,Enhanced Contrast,Recon Interval,IQ Enhance,Image Enhance Filter,ASiR-V,DLIR,True Enhance DL,MAR,Window Width,Window Level,Recon Start Location,Recon End Location,Recon Mode,Recon Mode(Cardiac),Recon Mode(fluoro),Recon Number of Images,Gantry Tilt,DFOV,A/P center,R/L center,Recon Clinical Identifier,Recon CID Catergory,Noise Index,GSI Assist Link,CID Link,GSI Profile,Flip / Rotate,Type,Anatomy,Name,GSI Image Type,keV,kVp,Data File,MAR,Recon Type,Image Enhance Filter,Enhanced Contrast,ASiR-V,DLIR,Window Level,Window Width,Model,Matrix Size,Number of Image,Slice Thickness,Interval,FOV,Rendering Mode,MD Pair,isRecon,Recon Slice Thickness,Matrix Size,Recon Type,Enhanced Contrast,Recon Interval,IQ Enhance,Image Enhance Filter,ASiR-V,DLIR,True Enhance DL,MAR,Window Width,Window Level,Recon Start Location,Recon End Location,Recon Mode,Recon Mode(Cardiac),Recon Mode(fluoro),Recon Number of Images,Gantry Tilt,DFOV,A/P center,R/L center,Recon Clinical Identifier,Recon CID Catergory,Noise Index,GSI Assist Link,CID Link,GSI Profile,Flip / Rotate,Type,Anatomy,Name,GSI Image Type,keV,kVp,Data File,MAR,Recon Type,Image Enhance Filter,Enhanced Contrast,ASiR-V,DLIR,Window Level,Window Width,Model,Matrix Size,Number of Image,Slice Thickness,Interval,FOV,Rendering Mode,MD Pair,isRecon,Recon Slice Thickness,Matrix Size,Recon Type,Enhanced Contrast,Recon Interval,IQ Enhance,Image Enhance Filter,ASiR-V,DLIR,True Enhance DL,MAR,Window Width,Window Level,Recon Start Location,Recon End Location,Recon Mode,Recon Mode(Cardiac),Recon Mode(fluoro),Recon Number of Images,Gantry Tilt,DFOV,A/P center,R/L center,Recon Clinical Identifier,Recon CID Catergory,Noise Index,GSI Assist Link,CID Link,GSI Profile,Flip / Rotate,Type,Anatomy,Name,GSI Image Type,keV,kVp,Data File,MAR,Recon Type,Image Enhance Filter,Enhanced Contrast,ASiR-V,DLIR,Window Level,Window Width,Model,Matrix Size,Number of Image,Slice Thickness,Interval,FOV,Rendering Mode,MD Pair,isRecon,Recon Slice Thickness,Matrix Size,Recon Type,Enhanced Contrast,Recon Interval,IQ Enhance,Image Enhance Filter,ASiR-V,DLIR,True Enhance DL,MAR,Window Width,Window Level,Recon Start Location,Recon End Location,Recon Mode,Recon Mode(Cardiac),Recon Mode(fluoro),Recon Number of Images,Gantry Tilt,DFOV,A/P center,R/L center,Recon Clinical Identifier,Recon CID Catergory,Noise Index,GSI Assist Link,CID Link,GSI Profile,Flip / Rotate,Type,Anatomy,Name,GSI Image Type,keV,kVp,Data File,MAR,Recon Type,Image Enhance Filter,Enhanced Contrast,ASiR-V,DLIR,Window Level,Window Width,Model,Matrix Size,Number of Image,Slice Thickness,Interval,FOV,Rendering Mode,MD Pair,isRecon,Recon Slice Thickness,Matrix Size,Recon Type,Enhanced Contrast,Recon Interval,IQ Enhance,Image Enhance Filter,ASiR-V,DLIR,True Enhance DL,MAR,Window Width,Window Level,Recon Start Location,Recon End Location,Recon Mode,Recon Mode(Cardiac),Recon Mode(fluoro),Recon Number of Images,Gantry Tilt,DFOV,A/P center,R/L center,Recon Clinical Identifier,Recon CID Catergory,Noise Index,GSI Assist Link,CID Link,GSI Profile,Flip / Rotate,Type,Anatomy,Name,GSI Image Type,keV,kVp,Data File,MAR,Recon Type,Image Enhance Filter,Enhanced Contrast,ASiR-V,DLIR,Window Level,Window Width,Model,Matrix Size,Number of Image,Slice Thickness,Interval,FOV,Rendering Mode,MD Pair,isRecon,Recon Slice Thickness,Matrix Size,Recon Type,Enhanced Contrast,Recon Interval,IQ Enhance,Image Enhance Filter,ASiR-V,DLIR,True Enhance DL,MAR,Window Width,Window Level,Recon Start Location,Recon End Location,Recon Mode,Recon Mode(Cardiac),Recon Mode(fluoro),Recon Number of Images,Gantry Tilt,DFOV,A/P center,R/L center,Recon Clinical Identifier,Recon CID Catergory,Noise Index,GSI Assist Link,CID Link,GSI Profile,Flip / Rotate,Type,Anatomy,Name,GSI Image Type,keV,kVp,Data File,MAR,Recon Type,Image Enhance Filter,Enhanced Contrast,ASiR-V,DLIR,Window Level,Window Width,Model,Matrix Size,Number of Image,Slice Thickness,Interval,FOV,Rendering Mode,MD Pair,isRecon,Recon Slice Thickness,Matrix Size,Recon Type,Enhanced Contrast,Recon Interval,IQ Enhance,Image Enhance Filter,ASiR-V,DLIR,True Enhance DL,MAR,Window Width,Window Level,Recon Start Location,Recon End Location,Recon Mode,Recon Mode(Cardiac),Recon Mode(fluoro),Recon Number of Images,Gantry Tilt,DFOV,A/P center,R/L center,Recon Clinical Identifier,Recon CID Catergory,Noise Index,GSI Assist Link,CID Link,GSI Profile,Flip / Rotate,Type,Anatomy,Name,GSI Image Type,keV,kVp,Data File,MAR,Recon Type,Image Enhance Filter,Enhanced Contrast,ASiR-V,DLIR,Window Level,Window Width,Model,Matrix Size,Number of Image,Slice Thickness,Interval,FOV,Rendering Mode,MD Pair,
#1,10-8-21-1633676096600,"1138.09","8602.12","miscellaneous","adult",1.7,"CT HEAD PERFUS WO & W PERFUS Cine 1968VPR",1,"HeadFirst","Supine","OM","Off","English (Male)","Off","0","false",,1,"Large Body",,"80",,,,,,"10",,,"0","0","0","false","0","Scout","N/A",,,,,,,,"0.01","0.59","","","Enabled",,,,,,,,,,,,"500","50","+150.000","-300.00",,,,"1",,,,,"General","Stroke",,,"",,,"",,,,,,,,,,,,,,,,,,,,,,,,
#1,10-8-21-1633676096600,"1138.09","8602.12","miscellaneous","adult",1.7,"CT HEAD PERFUS WO & W PERFUS Cine 1968VPR",1,"HeadFirst","Supine","OM","Off","English (Male)","Off","0","false",,2,"Large Body",,"80",,,,,,"10",,,"90","0","0","false","0","Scout","N/A",,,,,,,,"0.01","0.59","","","Enabled",,,,,,,,,,,,"500","50","+150.000","-300.00",,,,"1",,,,,"General","Stroke",,,"",,,"",,,,,,,,,,,,,,,,,,,,,,,,
#1,10-8-21-1633676096600,"1138.09","8602.12","miscellaneous","adult",1.7,"CT HEAD PERFUS WO & W PERFUS Cine 1968VPR",2,"HeadFirst","Supine","OM","On","English (Male)","On","0","false",,1,"Head","Manual","140","","","4","100","340",,,,,"0.0","0","false","0","Helical","N/A","40.0","1.0",,,,"0.984:1",,"31.09","1398.72","","","Enabled","5.0","512","Stnd#","1","5.0","0","0",,,,,"100","30","-280.000","135.0","7",,,"84",,"25.0","0.0","0.0","Routine Head","Stroke",,,"",,"0","",,,,,,,,,,,,,,,,,,,,,,,,
#1,10-8-21-1633676096600,"1138.09","8602.12","miscellaneous","adult",1.7,"CT HEAD PERFUS WO & W PERFUS Cine 1968VPR",3,"HeadFirst","Supine","OM","On","English (Male)","On","1","false",,1,"Small Body","Manual","140","","","4","100","340",,,,,"0.0","0","false","0","Helical","N/A","40.0","0.9",,,,"1.531:1",,"31.87","1495.96","","","Enabled","0.625","512","Stnd","0","0.625","2","0",,,,,"100","30","-280.000","135.0","7",,,"665",,"25.0","0.0","0.0","Routine Head","Stroke",,,"",,"0","",,,,,,,,,,,,,,,,,,,,,,,,"Enabled","0.625","512","Stnd","0","0.625","2","0",,,,,"100","30","-280.000","135.0","7",,,"665",,"25.0","0.0","0.0","Routine Head","Stroke",,,"",,"0","",,,,,,,,,,,,,,,,,,,,,,,,"Disabled","0.625","512","Stnd","0","0.625","2","0",,,,,"100","30","-280.000","135.0","7",,,"665",,"25.0","0.0","0.0","Routine Head","Stroke",,,"",,"0","",,,,,,,,,,,,,,,,,,,,,,,,"Disabled","0.625","512","Stnd","0","0.625","2","0",,,,,"100","30","-280.000","135.0","7",,,"665",,"25.0","0.0","0.0","Routine Head","Stroke",,,"",,"0","",,,,,,,,,,,,,,,,,,,,,,,,
#1,10-8-21-1633676096600,"1138.09","8602.12","miscellaneous","adult",1.7,"CT HEAD PERFUS WO & W PERFUS Cine 1968VPR",3,"HeadFirst","Supine","OM","On","English (Male)","On","1","false",,2,"Small Body","Manual","140","","","4","100","340",,,,,"7.0","0","false","0","Helical","N/A","40.0","0.9",,,,"1.375:1",,"24.81","453.53","","","Enabled","0.625","512","Stnd","0","0.625","2","0",,,,,"100","30","+0.000","+135.000","7",,,"217",,"25.0","0.0","0.0","Routine Head","Stroke",,,"",,"0","",,,,,,,,,,,,,,,,,,,,,,,,"Disabled","0.625","512","Stnd","0","0.625","2","0",,,,,"100","30","+0.000","+135.000","7",,,"217",,"25.0","0.0","0.0","Routine Head","Stroke",,,"",,"0","",,,,,,,,,,,,,,,,,,,,,,,,"Enabled","0.625","512","Stnd","0","0.625","2","0",,,,,"100","30","+0.000","+135.000","7",,,"217",,"25.0","0.0","0.0","Routine Head","Stroke",,,"",,"0","",,,,,,,,,,,,,,,,,,,,,,,,"Disabled","0.625","512","Stnd","0","0.625","2","0",,,,,"100","30","+0.000","+135.000","7",,,"217",,"25.0","0.0","0.0","Routine Head","Stroke",,,"",,"0","",,,,,,,,,,,,,,,,,,,,,,,,
#1,10-8-21-1633676096600,"1138.09","8602.12","miscellaneous","adult",1.7,"CT HEAD PERFUS WO & W PERFUS Cine 1968VPR",3,"HeadFirst","Supine","OM","On","English (Male)","On","1","false",,3,"Small Body","Manual","80","","","4","100","340",,,,,"10.0","0","false","0","Helical","N/A","40.0","0.9",,,,"1.375:1",,"5.7","104.26","","","Enabled","0.625","512","Stnd","0","0.625","2","0",,,,,"100","30","+0.000","+135.000","7",,,"217",,"25.0","0.0","0.0","Routine Head","Stroke",,,"",,"0","",,,,,,,,,,,,,,,,,,,,,,,,"Disabled","0.625","512","Stnd","0","0.625","2","0",,,,,"100","30","+0.000","+135.000","7",,,"217",,"25.0","0.0","0.0","Routine Head","Stroke",,,"",,"0","",,,,,,,,,,,,,,,,,,,,,,,,"Disabled","0.625","512","Stnd","0","0.625","2","0",,,,,"100","30","+0.000","+135.000","7",,,"217",,"25.0","0.0","0.0","Routine Head","Stroke",,,"",,"0","",,,,,,,,,,,,,,,,,,,,,,,,"Enabled","0.625","512","Stnd","0","0.625","2","0",,,,,"100","30","+0.000","+135.000","7",,,"217",,"25.0","0.0","0.0","Routine Head","Stroke",,,"",,"0","",,,,,,,,,,,,,,,,,,,,,,,,
#1,10-8-21-1633676096600,"1138.09","8602.12","miscellaneous","adult",1.7,"CT HEAD PERFUS WO & W PERFUS Cine 1968VPR",3,"HeadFirst","Supine","OM","On","English (Male)","On","1","false",,4,"Small Body",,"140",,,,,,,,,,,"0","false",,"5","N/A","25.0","0.9",,,,,,,,"","","Enabled","5.0",,"Stnd",,"5.0",,,,,,,"400","40","0","-77.5",,,,"1",,"36","0","0",,,,,"",,,"",,,,,,,,,,,,,,,,,,,,,,,,
#1,10-8-21-1633676096600,"1138.09","8602.12","miscellaneous","adult",1.7,"CT HEAD PERFUS WO & W PERFUS Cine 1968VPR",4,"HeadFirst","Supine","OM","Off","English (Male)","On","0","false",,1,"Head","Manual","140","","","4","100","200",,,,,"0.0","0","false","0","Cine","N/A","40.0","0.9","0","33","true",,,"734.24","2936.97","","","Enabled","5.0","512","Stnd",,"5.0",,"0",,,,,"100","30","30.0","65.0",,,,"264",,"25.0","0.0","0.0","General","Stroke",,,"",,"0","",,,,,,,,,,,,,,,,,,,,,,,,"Enabled","1.25","512","Soft",,"1.25",,"0",,,,,"100","30","28.125","66.875",,,,"1056",,"25.0","0.0","0.0","General","Stroke",,,"",,"0","",,,,,,,,,,,,,,,,,,,,,,,,
#1,10-8-21-1633676096600,"1138.09","8602.12","miscellaneous","adult",1.7,"CT HEAD PERFUS WO & W PERFUS Cine 1968VPR",4,"HeadFirst","Supine","OM","Off","English (Male)","On","0","false",,2,"Head","Manual","140","","","4","100","200",,,,,"7.0","0","false","0","Cine","N/A","40.0","1.0","0","10","true",,,"225.09","900.38","","","Enabled","5.0","512","Stnd",,"5.0",,"0",,,,,"100","30","30.0","65.0",,,,"80",,"25.0","0.0","0.0","General","Stroke",,,"",,"0","",,,,,,,,,,,,,,,,,,,,,,,,"Enabled","1.25","512","Soft",,"1.25",,"0",,,,,"100","30","28.125","66.875",,,,"320",,"25.0","0.0","0.0","General","Stroke",,,"",,"0","",,,,,,,,,,,,,,,,,,,,,,,,
#1,10-8-21-1633676096600,"1138.09","8602.12","miscellaneous","adult",1.7,"CT HEAD PERFUS WO & W PERFUS Cine 1968VPR",5,"HeadFirst","Supine","OM","Off","English (Male)","On","0","false",,1,"Head","Manual","140","","","4","100","340",,,,,"0.0","0","false","0","Axial","N/A","20.0","0.9","20.0","1","false",,"2.0","85.27","1193.82","","","Enabled","2.5","512","Stnd#","1","2.5",,"0",,,,,"100","30","+0.000","137.5",,,,"56",,"22.0","0.0","0.0","Routine Head w Contrast","Stroke",,,"",,"0","",,,,,,,,,,,,,,,,,,,,,,,,"Enabled","0.625","1024","Stnd#","1","0.625",,"0",,,,,"100","30","-0.9375","138.4375",,,,"224",,"22.0","0.0","0.0","Routine Head w Contrast","Stroke",,,"",,"0","",,,,,,,,,,,,,,,,,,,,,,,,
#2,11-13-20-1605249492793,"137.07","254.07999999999998","head","adult",1.11,"CT HEAD ANGIO CIRC WILLIS",1,"HeadFirst","Supine","OM","On","English (Male)","Off","0","false",,1,"Large Body",,"120",,,,,,"10",,,"0","0","0","false","0","Scout","N/A",,,,,,,,"0.04","0.91","","","Enabled",,,,,,,,,,,,"500","50","+150.000","-60.000",,,,"1",,,,,"General","Neuro",,,"",,,"",,,,,,,,,,,,,,,,,,,,,,,,
#2,11-13-20-1605249492793,"137.07","254.07999999999998","head","adult",1.11,"CT HEAD ANGIO CIRC WILLIS",1,"HeadFirst","Supine","OM","On","English (Male)","Off","0","false",,2,"Large Body",,"120",,,,,,"10",,,"90","0","0","false","0","Scout","N/A",,,,,,,,"0.04","0.91","","","Enabled",,,,,,,,,,,,"500","50","+150.000","-60.000",,,,"1",,,,,"General","Neuro",,,"",,,"",,,,,,,,,,,,,,,,,,,,,,,,
#2,11-13-20-1605249492793,"137.07","254.07999999999998","head","adult",1.11,"CT HEAD ANGIO CIRC WILLIS",2,"HeadFirst","Supine","OM","On","English (Male)","On","0","false",,1,"Head","Manual","120","","","Manual",,,"50",,,,"5.0","0","false","0","Axial","N/A","5.0","1.0","0.0","10","true",,"2.00","117.09","58.54","","","Enabled","5.0","512","Stnd","0","5.0",,"0",,,,,"300","30","+0.000","0.0",,,,"10",,"25.0","0.0","0.0","General","Neuro",,,"",,"0","",,,,,,,,,,,,,,,,,,,,,,,,
#2,11-13-20-1605249492793,"137.07","254.07999999999998","head","adult",1.11,"CT HEAD ANGIO CIRC WILLIS",3,"HeadFirst","Supine","OM","On","English (Male)","On","0","false",,1,"Head","Manual","120","","","Manual",,,"125",,,,"22.0","0","false","0","Helical","N/A","20.0","0.5",,,,"0.531:1",,"19.9","193.72","","","Enabled","0.625","512","Stnd","0","0.625","2","0",,,,,"300","30","+0.000","+80.000","7",,,"129",,"20.0","0","0","COW","Neuro",,,"",,"0","",,,,,,,,,,,,,,,,,,,,,,,,"Enabled","1.25","512","Stnd","0","1.25","0","0",,,,,"300","30","+0.000","+80.000","7",,,"65",,"20.0","0","0","COW","Neuro",,,"",,"0","",,,,,,,,,,,,,,,,,,,,,,,,"Enabled","0.625","1024","Stnd","0","0.625","2","0",,,,,"300","30","+0.000","+80.000","7",,,"129",,"20.0","0","0","COW","Neuro",,,"",,"0","",,,,,,,,,,,,,,,,,,,,,,,,
#3,12-7-20-1607346243345,"136.7","1068.37","head","adult",1.12,"CT HEAD PERFUS WO & W PERFUS Cine EB",1,"HeadFirst","Supine","OM","Off","English (Male)","Off","0","false",,1,"Large Body",,"80",,,,,,"10",,,"0","0","0","false","0","Scout","N/A",,,,,,,,"0.01","0.28","","","Enabled",,,,,,,,,,,,"500","50","+150.000","-60.000",,,,"1",,,,,"General","Stroke",,,"",,,"",,,,,,,,,,,,,,,,,,,,,,,,
#3,12-7-20-1607346243345,"136.7","1068.37","head","adult",1.12,"CT HEAD PERFUS WO & W PERFUS Cine EB",1,"HeadFirst","Supine","OM","Off","English (Male)","Off","0","false",,2,"Large Body",,"80",,,,,,"10",,,"90","0","0","false","0","Scout","N/A",,,,,,,,"0.01","0.28","","","Enabled",,,,,,,,,,,,"500","50","+150.000","-60.000",,,,"1",,,,,"General","Stroke",,,"",,,"",,,,,,,,,,,,,,,,,,,,,,,,
#3,12-7-20-1607346243345,"136.7","1068.37","head","adult",1.12,"CT HEAD PERFUS WO & W PERFUS Cine EB",2,"HeadFirst","Supine","OM","On","English (Male)","On","0","false",,1,"Head","Manual","120","","","4","100","340",,,,,"0.0","0","false","0","Axial","N/A","20.0","1.0","20.0","1","false",,"2.0","23.69","331.61","","","Enabled","5.0","512","Stnd#","4","5.0",,"0",,,,,"100","30","+0.000","135.0",,,,"28",,"25.0","0.0","0.0","Routine Head","Stroke",,,"",,"0","",,,,,,,,,,,,,,,,,,,,,,,,
#3,12-7-20-1607346243345,"136.7","1068.37","head","adult",1.12,"CT HEAD PERFUS WO & W PERFUS Cine EB",3,"HeadFirst","Supine","OM","Off","English (Male)","On","0","false",,1,"Head","Manual","80","","","4","380","400",,,,,"7.0","0","false","0","Cine","N/A","40.0","1.0","0","45","true",,,"89.3","357.21","","","Enabled","5.0","512","Stnd",,"5.0",,"0",,,,,"100","30","30.0","65.0",,,,"712",,"25.0","0.0","0.0","General","Neuro",,,"",,"0","",,,,,,,,,,,,,,,,,,,,,,,,"Enabled","1.25","512","Stnd",,"1.25",,"0",,,,,"100","30","28.125","66.875",,,,"2848",,"25.0","0.0","0.0","General","Neuro",,,"",,"0","",,,,,,,,,,,,,,,,,,,,,,,,
#3,12-7-20-1607346243345,"136.7","1068.37","head","adult",1.12,"CT HEAD PERFUS WO & W PERFUS Cine EB",4,"HeadFirst","Supine","OM","On","English (Male)","On","0","false",,1,"Head","Manual","120","","","4","100","340",,,,,"0.0","0","false","0","Axial","N/A","20.0","1.0","20.0","1","false",,"2.0","23.69","378.99","","","Enabled","5.0","512","Stnd#","4","5.0",,"0",,,,,"100","30","+0.000","155.0",,,,"32",,"25.0","0.0","0.0","Routine Head w Contrast","Stroke",,,"",,"0","",,,,,,,,,,,,,,,,,,,,,,,,
#4,WestKendall_BRAIN-WO,"62.41","999.32","head","adult",1.17,"CT BRAIN WO",1,"HeadFirst","Supine","OM","Off","English (Male)","Off","0","false",,1,"Large Body",,"120",,,,,,"10",,,"0","0","0","false","0","Scout","N/A",,,,,,,,"0.04","0.99","","","Enabled",,,,,,,,,,,,"500","50","150.0","-80.00",,,,"1",,,,,"Routine Head","Neuro",,,"",,,"",,,,,,,,,,,,,,,,,,,,,,,,
#4,WestKendall_BRAIN-WO,"62.41","999.32","head","adult",1.17,"CT BRAIN WO",1,"HeadFirst","Supine","OM","Off","English (Male)","Off","0","false",,2,"Large Body",,"120",,,,,,"10",,,"90","0","0","false","0","Scout","N/A",,,,,,,,"0.04","0.99","","","Enabled",,,,,,,,,,,,"500","50","150.0","-80.00",,,,"1",,,,,"Routine Head","Neuro",,,"",,,"",,,,,,,,,,,,,,,,,,,,,,,,
#4,WestKendall_BRAIN-WO,"62.41","999.32","head","adult",1.17,"CT BRAIN WO",2,"HeadFirst","Supine","OM","On","English (Male)","On","0","false",,1,"Head","Manual","140","","","Manual",,,"500",,,,"0.0","0","false","0","Axial","N/A","20.0","0.5","20.56830387330417","1","false",,"3.0","60.61","1122.01","","","Enabled","2.5","512","Stnd","0","2.5",,"0",,,,,"80","40","-54.75","127.7937",,,,"72",,"23.0","4.1406279732473195","28.245529264211655","Routine Head","Neuro",,,"",,"0","",,,,,,,,,,,,,,,,,,,,,,,,"Enabled","2.5","512","Soft#","0","2.5",,"0",,,,,"300","50","-54.75","127.7937",,,,"72",,"23.0","4.1406279732473195","28.245529264211655","Routine Head","Neuro",,,"",,"0","",,,,,,,,,,,,,,,,,,,,,,,,"Enabled","2.5","512","Bone","0","2.5",,"0",,,,,"3000","500","-54.75","127.7937",,,,"72",,"23.0","4.1406279732473195","28.245529264211655","Routine Head","Neuro",,,"",,"0","",,,,,,,,,,,,,,,,,,,,,,,,"Enabled","0.625","512","Stnd#","0","0.625",,"0",,,,,"80","40","-55.71413924406113","128.75783924406113",,,,"288",,"23.0","4.1406279732473195","28.245529264211655","Routine Head","Neuro",,,"",,"0","",,,,,,,,,,,,,,,,,,,,,,,,
#4,WestKendall_BRAIN-WO,"62.41","999.32","head","adult",1.17,"CT BRAIN WO",3,"HeadFirst","Supine","OM","On","English (Male)","On","0","false",,1,"Head","Manual","140","","","Manual",,,"500",,,,"0.0","0","false","0","Axial","N/A","20.0","0.5","20.56830387330417","1","false",,"3.0","60.61","498.67","","","Enabled","2.5","512","Stnd","0","2.5",,"0",,,,,"80","40","-28.195","51.5072",,,,"32",,"23.0","4.1406279732473195","28.245529264211655","Routine Head","Neuro",,,"",,"0","",,,,,,,,,,,,,,,,,,,,,,,,"Enabled","2.5","512","Soft#","0","2.5",,"0",,,,,"300","50","-28.195","51.5072",,,,"32",,"23.0","4.1406279732473195","28.245529264211655","Routine Head","Neuro",,,"",,"0","",,,,,,,,,,,,,,,,,,,,,,,,"Enabled","2.5","512","Bone","0","2.5",,"0",,,,,"3000","500","-28.195","51.5072",,,,"32",,"23.0","4.1406279732473195","28.245529264211655","Routine Head","Neuro",,,"",,"0","",,,,,,,,,,,,,,,,,,,,,,,,"Enabled","0.625","512","Stnd#","0","0.625",,"0",,,,,"80","40","-29.159139244061134","52.47133924406113",,,,"128",,"23.0","4.1406279732473195","28.245529264211655","Routine Head","Neuro",,,"",,"0","",,,,,,,,,,,,,,,,,,,,,,,,
#5,3-18-22-1647575799540,"47.01","1505.14","chest","adult",2.21,"CT CHEST for Advantage 4D - 1 group - 20mm",1,"FeetFirst","Supine","SN","On","English (Male)","Off","0","false",,1,"Large Body",,"120",,,,,,"10",,,"90","0","0","false","0","Scout","N/A",,,,,,,,"0.04","1.7","","","Enabled",,,,,,,,,,,,"500","50","+60.00","-350.00",,,,"1",,,,,"General","Thoracic",,,"",,,"",,,,,,,,,,,,,,,,,,,,,,,,
#5,3-18-22-1647575799540,"47.01","1505.14","chest","adult",2.21,"CT CHEST for Advantage 4D - 1 group - 20mm",1,"FeetFirst","Supine","SN","On","English (Male)","Off","0","false",,2,"Large Body",,"120",,,,,,"10",,,"0","0","0","false","0","Scout","N/A",,,,,,,,"0.04","1.7","","","Enabled",,,,,,,,,,,,"500","50","+60.00","-350.00",,,,"1",,,,,"General","Thoracic",,,"",,,"",,,,,,,,,,,,,,,,,,,,,,,,
#5,3-18-22-1647575799540,"47.01","1505.14","chest","adult",2.21,"CT CHEST for Advantage 4D - 1 group - 20mm",2,"FeetFirst","Supine","SN","On","English (Male)","On","0","false",,1,"Large Body","Manual","120","","","Manual",,,"100",,,,"0.0","0","false","0","Cine","N/A","20.0","0.5","20.0","11","false",,,"46.93","1501.74","","","Enabled","2.5","512","Stnd",,"2.5",,"0",,,,,"350","30","+0.000","-317.5",,,,"1408",,"32.0","0","0","Respiratory Gated","Thoracic",,,"",,"0","",,,,,,,,,,,,,,,,,,,,,,,,"Enabled","2.5","512","Stnd",,"2.5",,"0",,,,,"350","30","+0.000","-317.5",,,,"1792",,"32.0","0","0","Respiratory Gated","Thoracic",,,"",,"0","",,,,,,,,,,,,,,,,,,,,,,,,
#6,WestKendall_CHEST-PULMONARY,"65.59","222.63","chest","adult",2.51,"CHEST PULMONARY EMBOLISM",1,"FeetFirst","Supine","SN","Off","English (Male)","Off","0","false",,1,"Large Body",,"120",,,,,,"10",,,"90","2.4299999999999997","0","true","1","Scout","N/A",,,,,,,,"0.04","1.73","","","Enabled",,,,,,,,,,,,"500","50","+60.00","-350.00",,,,"1",,,,,"PE","Thoracic",,,"",,,"",,,,,,,,,,,,,,,,,,,,,,,,
#6,WestKendall_CHEST-PULMONARY,"65.59","222.63","chest","adult",2.51,"CHEST PULMONARY EMBOLISM",1,"FeetFirst","Supine","SN","Off","English (Male)","Off","0","false",,2,"Large Body",,"120",,,,,,"10",,,"0","2.4299999999999997","0","true","1","Scout","N/A",,,,,,,,"0.04","1.73","","","Enabled",,,,,,,,,,,,"500","50","+60.00","-350.00",,,,"1",,,,,"PE","Thoracic",,,"",,,"",,,,,,,,,,,,,,,,,,,,,,,,
#6,WestKendall_CHEST-PULMONARY,"65.59","222.63","chest","adult",2.51,"CHEST PULMONARY EMBOLISM",2,"FeetFirst","Supine","SN","On","English (Male)","On","1","false",,1,"Large Body","Manual","80","","","2","300","400",,,,,"2.0","0","true","1","Helical","N/A","40.0","0.5",,,,"0.984:1",,"5.28","174.47","","","Enabled","1.25","512","Stnd","0","1.25","0","0",,,,,"400","40","-50.175","-345.175","7",,,"237",,"40.800000000000004","-4.4431169629096985","-18.089833348989487","PE","Thoracic",,,"",,"0","",,,,,,,,,,,,,,,,,,,,,,,,"Enabled","1.25","512","Lung","0","10.0000","0","0",,,,,"1500","-500","-50.175","-340.175","7",,,"30",,"40.800000000000004","-4.4431169629096985","-18.089833348989487","HiRes Chest","Thoracic",,,"",,"0","",,,,,,,,,,,,,,,,,,,,,,,,"Enabled","0.625","512","Stnd","0","0.625","0","0",,,,,"400","40","-50.175","-345.175","7",,,"473",,"40.800000000000004","-4.4431169629096985","-18.089833348989487","PE","Thoracic",,,"",,"0","",,,,,,,,,,,,,,,,,,,,,,,,
#6,WestKendall_CHEST-PULMONARY,"65.59","222.63","chest","adult",2.51,"CHEST PULMONARY EMBOLISM",2,"FeetFirst","Supine","SN","On","English (Male)","On","1","false",,2,"Large Body",,"80",,,,,,,,,,,"0","true",,"5","N/A","25.0","0.5",,,,,,,,"","","Enabled","5.0",,"Stnd",,"5.0",,,,,,,"400","40","0","-77.5",,,,"1",,"36","0","0",,,,,"",,,"",,,,,,,,,,,,,,,,,,,,,,,,
#7,Recon_In_IGD_Stress_Test,"206.17","4490.13","abdomen","adult",4.8,"ABD-PEL Recon in IGD heavy",1,"FeetFirst","Supine","XY","Off","Japanese","Off","0","false",,1,"Large Body",,"120",,,,,,"10",,,"90","5.4","0","true","2","Scout","N/A",,,,,,,,"0.04","3.29","","","Enabled",,,,,,,,,,,,"500","50","+400.00","-400.00",,,,"1",,,,,"Abd Pelvis","Abdominal",,,"",,,"",,,,,,,,,,,,,,,,,,,,,,,,
#7,Recon_In_IGD_Stress_Test,"206.17","4490.13","abdomen","adult",4.8,"ABD-PEL Recon in IGD heavy",1,"FeetFirst","Supine","XY","Off","Japanese","Off","0","false",,2,"Large Body",,"120",,,,,,"10",,,"0","5.4","0","true","2","Scout","N/A",,,,,,,,"0.04","3.29","","","Enabled",,,,,,,,,,,,"500","50","+400.00","-400.00",,,,"1",,,,,"Abd Pelvis","Abdominal",,,"",,,"",,,,,,,,,,,,,,,,,,,,,,,,
#7,Recon_In_IGD_Stress_Test,"206.17","4490.13","abdomen","adult",4.8,"ABD-PEL Recon in IGD heavy",2,"FeetFirst","Supine","XY","On","Japanese","On","0","false",,1,"Large Body","Manual","120","","","2","10","500",,,,,"4.9","0","true","2","Helical","N/A","40.0","0.5",,,,"1.375:1",,"16.79","1255.66","","","Enabled","0.625","512","Ultra","0","0.625","0","0",,,,,"300","25","+350.000","-350.0","7",,,"1121",,"35.0","-20.62875732779503","-9.574779175834976","Abd Pelvis","Abdominal",,,"",,"0","",,,,,,,,,,,,,,,,,,,,,,,,"Enabled","0.625","512","Detail","0","0.625","0","0",,,,,"300","25","+350.000","-350.0","7",,,"1121",,"35.0","-20.62875732779503","-9.574779175834976","Abd Pelvis","Abdominal",,,"",,"0","",,,,,,,,,,,,,,,,,,,,,,,,"Disabled","5.0","512","Stnd","0","5.0","0","0",,,,,"300","25","+350.000","-350.0","7",,,"141",,"35.0","-20.62875732779503","-9.574779175834976","Abd Pelvis","Abdominal",,,"",,"0","",,,,,,,,,,,,,,,,,,,,,,,,
#7,Recon_In_IGD_Stress_Test,"206.17","4490.13","abdomen","adult",4.8,"ABD-PEL Recon in IGD heavy",2,"FeetFirst","Supine","XY","On","Japanese","On","0","false",,2,"Large Body","Manual","120","","","2","10","500",,,,,"7.4","0","false","2","Axial","N/A","20.0","0.5","20.0","1","false",,"3","3.03","212.05","","","Enabled","5.0","512","Stnd","0","5.0",,"0",,,,,"300","25","+350.000","-345.0",,,,"140",,"35.0","-20.62875732779503","-9.574779175834976","Abd Pelvis","Abdominal",,,"",,"0","",,,,,,,,,,,,,,,,,,,,,,,,"Disabled","5.0","512","Stnd","0","5.0",,"0",,,,,"300","25","10.0","-685.0",,,,"140",,"35.0","-20.62875732779503","-9.574779175834976","Abd Pelvis","Abdominal",,,"",,"0","",,,,,,,,,,,,,,,,,,,,,,,,"Enabled","1.25","512","Bone","0","1.25",,"8",,,,,"300","25","351.875","-346.875",,,,"560",,"35.0","-20.62875732779503","-9.574779175834976","Abd Pelvis","Abdominal",,,"",,"0","",,,,,,,,,,,,,,,,,,,,,,,,
#7,Recon_In_IGD_Stress_Test,"206.17","4490.13","abdomen","adult",4.8,"ABD-PEL Recon in IGD heavy",3,"FeetFirst","Supine","XY","On","Japanese","On","0","false",,1,"Large Body","Manual","120","","","2","10","500",,,,,"20.0","0","false","0","Axial","N/A","40.0","0.5","40.0","1","false",,"3","5.77","115.4","","","Enabled","2.5","512","Stnd","0","2.5",,"0",,,,,"300","25","+100.000","-97.5",,,,"80",,"35.0","-20.62875732779503","-9.574779175834976","Abd Pelvis","Abdominal",,,"",,"0","",,,,,,,,,,,,,,,,,,,,,,,,"Enabled","1.25","512","Bone","0","1.25",,"8",,,,,"300","25","100.625","-98.125",,,,"160",,"35.0","-20.62875732779503","-9.574779175834976","Abd Pelvis","Abdominal",,,"",,"0","",,,,,,,,,,,,,,,,,,,,,,,,
#7,Recon_In_IGD_Stress_Test,"206.17","4490.13","abdomen","adult",4.8,"ABD-PEL Recon in IGD heavy",4,"FeetFirst","Supine","XY","On","Japanese","On","0","false",,1,"Large Body","Manual","120","","","2","10","500",,,,,"30.0","0","true","2","Helical","N/A","40.0","0.5",,,,"1.375:1",,"2.4","179.16","","","Enabled","5.0","512","Stnd","0","5.0","0","0",,,,,"300","25","+350.000","-350.0","7",,,"141",,"35.0","-20.62875732779503","-9.574779175834976","Abd Pelvis","Abdominal",,,"",,"0","",,,,,,,,,,,,,,,,,,,,,,,,"Enabled","0.625","512","Detail","0","0.625","0","0",,,,,"300","25","+350.000","-350.0","7",,,"1121",,"35.0","-20.62875732779503","-9.574779175834976","Abd Pelvis","Abdominal",,,"",,"0","",,,,,,,,,,,,,,,,,,,,,,,,"Disabled","5.0","512","Stnd","0","5.0","0","0",,,,,"300","25","+350.000","-350.0","7",,,"141",,"35.0","-20.62875732779503","-9.574779175834976","Abd Pelvis","Abdominal",,,"",,"0","",,,,,,,,,,,,,,,,,,,,,,,,"Disabled","5.0","512","Stnd","0","5.0","0","0",,,,,"300","25","+350.000","-350.0","7",,,"141",,"35.0","-20.62875732779503","-9.574779175834976","Abd Pelvis","Abdominal",,,"",,"0","",,,,,,,,,,,,,,,,,,,,,,,,
#7,Recon_In_IGD_Stress_Test,"206.17","4490.13","abdomen","adult",4.8,"ABD-PEL Recon in IGD heavy",4,"FeetFirst","Supine","XY","On","Japanese","On","0","false",,2,"Large Body","Manual","120","","","2","10","500",,,,,"30.0","0","false","2","Axial","N/A","20.0","0.5","20.0","1","false",,"3","3.03","212.05","","","Enabled","5.0","512","Stnd","0","5.0",,"0",,,,,"300","25","+350.000","-345.0",,,,"140",,"35.0","-20.62875732779503","-9.574779175834976","Abd Pelvis","Abdominal",,,"",,"0","",,,,,,,,,,,,,,,,,,,,,,,,"Disabled","5.0","512","Stnd","0","5.0",,"0",,,,,"300","25","10.0","-685.0",,,,"140",,"35.0","-20.62875732779503","-9.574779175834976","Abd Pelvis","Abdominal",,,"",,"0","",,,,,,,,,,,,,,,,,,,,,,,,"Enabled","1.25","512","Bone","0","1.25",,"8",,,,,"300","25","351.875","-346.875",,,,"560",,"35.0","-20.62875732779503","-9.574779175834976","Abd Pelvis","Abdominal",,,"",,"0","",,,,,,,,,,,,,,,,,,,,,,,,"Disabled","5.0","512","Stnd","0","5.0",,"0",,,,,"300","25","+350.000","-345.0",,,,"140",,"35.0","-20.62875732779503","-9.574779175834976","Abd Pelvis","Abdominal",,,"",,"0","",,,,,,,,,,,,,,,,,,,,,,,,
#7,Recon_In_IGD_Stress_Test,"206.17","4490.13","abdomen","adult",4.8,"ABD-PEL Recon in IGD heavy",4,"FeetFirst","Supine","XY","On","Japanese","On","0","false",,3,"Large Body","Manual","120","","","2","10","500",,,,,"30.0","0","false","2","Helical","N/A","20.0","0.5",,,,"0.969:1",,"2.46","176.6","","","Enabled","5.0","512","Stnd","0","5.0","0","0",,,,,"300","25","+350.000","-350.000","7",,,"141",,"35.0","-20.62875732779503","-9.574779175834976","Abd Pelvis","Abdominal",,,"",,"0","",,,,,,,,,,,,,,,,,,,,,,,,"Disabled","5.0","512","Stnd","0","5.0","0","0",,,,,"300","25","-690.0","-1385.0","7",,,"140",,"35.0","-20.62875732779503","-9.574779175834976","Abd Pelvis","Abdominal",,,"",,"0","",,,,,,,,,,,,,,,,,,,,,,,,"Disabled","5.0","512","Stnd","0","5.0","0","0",,,,,"300","25","-690.0","-1385.0","7",,,"140",,"35.0","-20.62875732779503","-9.574779175834976","Abd Pelvis","Abdominal",,,"",,"0","",,,,,,,,,,,,,,,,,,,,,,,,"Enabled","2.5","512","Edge","0","2.5","0","0",,,,,"300","25","+350.000","-350.000","0",,,"281",,"35.0","-20.62875732779503","-9.574779175834976","Abd Pelvis","Abdominal",,,"",,"0","",,,,,,,,,,,,,,,,,,,,,,,,
#7,Recon_In_IGD_Stress_Test,"206.17","4490.13","abdomen","adult",4.8,"ABD-PEL Recon in IGD heavy",5,"FeetFirst","Supine","XY","On","Japanese","On","0","false",,1,"Large Body","Manual","120","","","2","10","500",,,,,"100.0","0","true","2","Helical","N/A","40.0","0.5",,,,"1.375:1",,"2.4","179.16","","","Enabled","5.0","512","Stnd","0","5.0","0","0",,,,,"300","25","+350.000","-350.0","7",,,"141",,"35.0","-20.62875732779503","-9.574779175834976","Abd Pelvis","Abdominal",,,"",,"0","",,,,,,,,,,,,,,,,,,,,,,,,"Enabled","0.625","512","Detail","0","0.625","0","0",,,,,"300","25","+350.000","-350.0","7",,,"1121",,"35.0","-20.62875732779503","-9.574779175834976","Abd Pelvis","Abdominal",,,"",,"0","",,,,,,,,,,,,,,,,,,,,,,,,"Disabled","5.0","512","Stnd","0","5.0","0","0",,,,,"300","25","+350.000","-350.0","7",,,"141",,"35.0","-20.62875732779503","-9.574779175834976","Abd Pelvis","Abdominal",,,"",,"0","",,,,,,,,,,,,,,,,,,,,,,,,"Disabled","5.0","512","Stnd","0","5.0","0","0",,,,,"300","25","+350.000","-350.0","7",,,"141",,"35.0","-20.62875732779503","-9.574779175834976","Abd Pelvis","Abdominal",,,"",,"0","",,,,,,,,,,,,,,,,,,,,,,,,
#7,Recon_In_IGD_Stress_Test,"206.17","4490.13","abdomen","adult",4.8,"ABD-PEL Recon in IGD heavy",5,"FeetFirst","Supine","XY","On","Japanese","On","0","false",,2,"Large Body","Manual","120","","","2","10","500",,,,,"7.4","0","false","2","Axial","N/A","20.0","0.5","20.0","1","false",,"3","3.03","212.05","","","Enabled","5.0","512","Stnd","0","5.0",,"0",,,,,"300","25","+350.000","-345.0",,,,"140",,"35.0","-20.62875732779503","-9.574779175834976","Abd Pelvis","Abdominal",,,"",,"0","",,,,,,,,,,,,,,,,,,,,,,,,"Disabled","5.0","512","Stnd","0","5.0",,"0",,,,,"300","25","10.0","-685.0",,,,"140",,"35.0","-20.62875732779503","-9.574779175834976","Abd Pelvis","Abdominal",,,"",,"0","",,,,,,,,,,,,,,,,,,,,,,,,"Enabled","1.25","512","Bone","0","1.25",,"8",,,,,"300","25","351.875","-346.875",,,,"560",,"35.0","-20.62875732779503","-9.574779175834976","Abd Pelvis","Abdominal",,,"",,"0","",,,,,,,,,,,,,,,,,,,,,,,,"Disabled","5.0","512","Stnd","0","5.0",,"0",,,,,"300","25","+350.000","-345.0",,,,"140",,"35.0","-20.62875732779503","-9.574779175834976","Abd Pelvis","Abdominal",,,"",,"0","",,,,,,,,,,,,,,,,,,,,,,,,
#7,Recon_In_IGD_Stress_Test,"206.17","4490.13","abdomen","adult",4.8,"ABD-PEL Recon in IGD heavy",5,"FeetFirst","Supine","XY","On","Japanese","On","0","false",,3,"Large Body","Manual","120","","","2","10","500",,,,,"7.2","0","false","2","Helical","N/A","20.0","0.5",,,,"0.969:1",,"2.46","176.6","","","Enabled","5.0","512","Stnd","0","5.0","0","0",,,,,"300","25","+350.000","-350.000","7",,,"141",,"35.0","-20.62875732779503","-9.574779175834976","Abd Pelvis","Abdominal",,,"",,"0","",,,,,,,,,,,,,,,,,,,,,,,,"Disabled","5.0","512","Stnd","0","5.0","0","0",,,,,"300","25","-690.0","-1385.0","7",,,"140",,"35.0","-20.62875732779503","-9.574779175834976","Abd Pelvis","Abdominal",,,"",,"0","",,,,,,,,,,,,,,,,,,,,,,,,"Disabled","5.0","512","Stnd","0","5.0","0","0",,,,,"300","25","-690.0","-1385.0","7",,,"140",,"35.0","-20.62875732779503","-9.574779175834976","Abd Pelvis","Abdominal",,,"",,"0","",,,,,,,,,,,,,,,,,,,,,,,,"Enabled","2.5","512","Edge","0","2.5","0","0",,,,,"300","25","+350.000","-350.000","0",,,"281",,"35.0","-20.62875732779503","-9.574779175834976","Abd Pelvis","Abdominal",,,"",,"0","",,,,,,,,,,,,,,,,,,,,,,,,
#7,Recon_In_IGD_Stress_Test,"206.17","4490.13","abdomen","adult",4.8,"ABD-PEL Recon in IGD heavy",6,"FeetFirst","Supine","XY","On","Japanese","On","1","false",,1,"Large Body","Manual","120","","","2","10","500",,,,,"4.9","0","true","2","Helical","N/A","40.0","0.5",,,,"1.375:1",,"16.79","1255.66","","","Enabled","0.625","512","Lung","0","0.625","0","0",,,,,"300","25","+350.000","-350.0","7",,,"1121",,"35.0","-20.62875732779503","-9.574779175834976","Abd Pelvis","Abdominal",,,"",,"0","",,,,,,,,,,,,,,,,,,,,,,,,"Enabled","0.625","512","Detail","0","0.625","0","0",,,,,"300","25","+350.000","-350.0","7",,,"1121",,"35.0","-20.62875732779503","-9.574779175834976","Abd Pelvis","Abdominal",,,"",,"0","",,,,,,,,,,,,,,,,,,,,,,,,
#7,Recon_In_IGD_Stress_Test,"206.17","4490.13","abdomen","adult",4.8,"ABD-PEL Recon in IGD heavy",6,"FeetFirst","Supine","XY","On","Japanese","On","1","false",,2,"Large Body",,"120",,,,,,,,,,,"0","true",,"5","N/A","25.0","0.5",,,,,,,,"","","Enabled","5.0",,"Stnd",,"5.0",,,,,,,"400","40","0","-77.5",,,,"1",,"36","0","0",,,,,"",,,"",,,,,,,,,,,,,,,,,,,,,,,,
#7,Recon_In_IGD_Stress_Test,"206.17","4490.13","abdomen","adult",4.8,"ABD-PEL Recon in IGD heavy",7,"FeetFirst","Supine","XY","On","Japanese","On","0","false",,1,"Large Body","Manual","120","","","2","10","500",,,,,"20.0","0","true","2","Helical","N/A","40.0","0.5",,,,"1.375:1",,"2.1","156.76","","","Enabled","5.0","512","Chest","0","5.0","0","16",,,,,"300","25","+350.000","-350.0","7",,,"141",,"35.0","-20.62875732779503","-9.574779175834976","Abd Pelvis","Abdominal",,,"",,"0","",,,,,,,,,,,,,,,,,,,,,,,,
#7,Recon_In_IGD_Stress_Test,"206.17","4490.13","abdomen","adult",4.8,"ABD-PEL Recon in IGD heavy",7,"FeetFirst","Supine","XY","On","Japanese","On","0","false",,2,"Large Body","Manual","120","","","2","10","500",,,,,"20.0","0","false","0","Helical","N/A","40.0","0.5",,,,"1.375:1",,"2.4","23.29","","","Enabled","5.0","512","Stnd","0","5.0","0","0",,,,,"300","25","+350.000","+300.000","7",,,"11",,"35.0","-20.62875732779503","-9.574779175834976","Abd Pelvis","Abdominal",,,"",,"0","",,,,,,,,,,,,,,,,,,,,,,,,
#7,Recon_In_IGD_Stress_Test,"206.17","4490.13","abdomen","adult",4.8,"ABD-PEL Recon in IGD heavy",7,"FeetFirst","Supine","XY","On","Japanese","On","0","false",,3,"Large Body","Manual","120","","","2","10","500",,,,,"20.0","0","false","0","Helical","N/A","40.0","0.5",,,,"1.375:1",,"2.4","23.29","","","Enabled","5.0","512","Stnd","0","5.0","0","0",,,,,"300","25","+350.000","+300.000","7",,,"11",,"35.0","-20.62875732779503","-9.574779175834976","Abd Pelvis","Abdominal",,,"",,"0","",,,,,,,,,,,,,,,,,,,,,,,,
#7,Recon_In_IGD_Stress_Test,"206.17","4490.13","abdomen","adult",4.8,"ABD-PEL Recon in IGD heavy",7,"FeetFirst","Supine","XY","On","Japanese","On","0","false",,4,"Large Body","Manual","120","","","2","10","500",,,,,"20.0","0","false","0","Helical","N/A","40.0","0.5",,,,"1.375:1",,"2.4","23.29","","","Enabled","5.0","512","Stnd","0","5.0","0","0",,,,,"300","25","+350.000","+300.000","7",,,"11",,"35.0","-20.62875732779503","-9.574779175834976","Abd Pelvis","Abdominal",,,"",,"0","",,,,,,,,,,,,,,,,,,,,,,,,
#7,Recon_In_IGD_Stress_Test,"206.17","4490.13","abdomen","adult",4.8,"ABD-PEL Recon in IGD heavy",7,"FeetFirst","Supine","XY","On","Japanese","On","0","false",,5,"Large Body","Manual","120","","","2","10","500",,,,,"20.0","0","false","0","Helical","N/A","40.0","0.5",,,,"1.375:1",,"2.4","23.29","","","Enabled","5.0","512","Stnd","0","5.0","0","0",,,,,"300","25","+350.000","+300.000","7",,,"11",,"35.0","-20.62875732779503","-9.574779175834976","Abd Pelvis","Abdominal",,,"",,"0","",,,,,,,,,,,,,,,,,,,,,,,,
#7,Recon_In_IGD_Stress_Test,"206.17","4490.13","abdomen","adult",4.8,"ABD-PEL Recon in IGD heavy",7,"FeetFirst","Supine","XY","On","Japanese","On","0","false",,6,"Large Body","Manual","120","","","2","10","500",,,,,"20.0","0","false","0","Helical","N/A","40.0","0.5",,,,"1.375:1",,"2.4","23.29","","","Enabled","5.0","512","Stnd","0","5.0","0","0",,,,,"300","25","+350.000","+300.000","7",,,"11",,"35.0","-20.62875732779503","-9.574779175834976","Abd Pelvis","Abdominal",,,"",,"0","",,,,,,,,,,,,,,,,,,,,,,,,
#7,Recon_In_IGD_Stress_Test,"206.17","4490.13","abdomen","adult",4.8,"ABD-PEL Recon in IGD heavy",7,"FeetFirst","Supine","XY","On","Japanese","On","0","false",,7,"Large Body","Manual","120","","","2","10","500",,,,,"20.0","0","false","0","Helical","N/A","40.0","0.5",,,,"1.375:1",,"2.4","23.29","","","Enabled","5.0","512","Stnd","0","5.0","0","0",,,,,"300","25","+350.000","+300.000","7",,,"11",,"35.0","-20.62875732779503","-9.574779175834976","Abd Pelvis","Abdominal",,,"",,"0","",,,,,,,,,,,,,,,,,,,,,,,,
#7,Recon_In_IGD_Stress_Test,"206.17","4490.13","abdomen","adult",4.8,"ABD-PEL Recon in IGD heavy",7,"FeetFirst","Supine","XY","On","Japanese","On","0","false",,8,"Large Body","Manual","120","","","2","10","500",,,,,"20.0","0","false","0","Helical","N/A","40.0","0.5",,,,"1.375:1",,"2.4","23.29","","","Enabled","5.0","512","Stnd","0","5.0","0","0",,,,,"300","25","+350.000","+300.000","7",,,"11",,"35.0","-20.62875732779503","-9.574779175834976","Abd Pelvis","Abdominal",,,"",,"0","",,,,,,,,,,,,,,,,,,,,,,,,
#7,Recon_In_IGD_Stress_Test,"206.17","4490.13","abdomen","adult",4.8,"ABD-PEL Recon in IGD heavy",7,"FeetFirst","Supine","XY","On","Japanese","On","0","false",,9,"Large Body","Manual","120","","","2","10","500",,,,,"20.0","0","false","0","Helical","N/A","40.0","0.5",,,,"1.375:1",,"2.4","23.29","","","Enabled","5.0","512","Stnd","0","5.0","0","0",,,,,"300","25","+350.000","+300.000","7",,,"11",,"35.0","-20.62875732779503","-9.574779175834976","Abd Pelvis","Abdominal",,,"",,"0","",,,,,,,,,,,,,,,,,,,,,,,,
#7,Recon_In_IGD_Stress_Test,"206.17","4490.13","abdomen","adult",4.8,"ABD-PEL Recon in IGD heavy",7,"FeetFirst","Supine","XY","On","Japanese","On","0","false",,10,"Large Body","Manual","120","","","2","10","500",,,,,"20.0","0","false","0","Helical","N/A","40.0","0.5",,,,"1.375:1",,"2.4","23.29","","","Enabled","5.0","512","Stnd","0","5.0","0","0",,,,,"300","25","+350.000","+300.000","7",,,"11",,"35.0","-20.62875732779503","-9.574779175834976","Abd Pelvis","Abdominal",,,"",,"0","",,,,,,,,,,,,,,,,,,,,,,,,
#7,Recon_In_IGD_Stress_Test,"206.17","4490.13","abdomen","adult",4.8,"ABD-PEL Recon in IGD heavy",7,"FeetFirst","Supine","XY","On","Japanese","On","0","false",,11,"Large Body","Manual","120","","","2","10","500",,,,,"20.0","0","false","0","Helical","N/A","40.0","0.5",,,,"1.375:1",,"2.4","23.29","","","Enabled","5.0","512","Stnd","0","5.0","0","0",,,,,"300","25","+350.000","+300.000","7",,,"11",,"35.0","-20.62875732779503","-9.574779175834976","Abd Pelvis","Abdominal",,,"",,"0","",,,,,,,,,,,,,,,,,,,,,,,,
#7,Recon_In_IGD_Stress_Test,"206.17","4490.13","abdomen","adult",4.8,"ABD-PEL Recon in IGD heavy",7,"FeetFirst","Supine","XY","On","Japanese","On","0","false",,12,"Large Body","Manual","120","","","2","10","500",,,,,"20.0","0","false","0","Helical","N/A","40.0","0.5",,,,"1.375:1",,"2.4","23.29","","","Enabled","5.0","512","Stnd","0","5.0","0","0",,,,,"300","25","+350.000","+300.000","7",,,"11",,"35.0","-20.62875732779503","-9.574779175834976","Abd Pelvis","Abdominal",,,"",,"0","",,,,,,,,,,,,,,,,,,,,,,,,
#7,Recon_In_IGD_Stress_Test,"206.17","4490.13","abdomen","adult",4.8,"ABD-PEL Recon in IGD heavy",7,"FeetFirst","Supine","XY","On","Japanese","On","0","false",,13,"Large Body","Manual","120","","","2","10","500",,,,,"20.0","0","false","0","Helical","N/A","40.0","0.5",,,,"1.375:1",,"2.4","23.29","","","Enabled","5.0","512","Stnd","0","5.0","0","0",,,,,"300","25","+350.000","+300.000","7",,,"11",,"35.0","-20.62875732779503","-9.574779175834976","Abd Pelvis","Abdominal",,,"",,"0","",,,,,,,,,,,,,,,,,,,,,,,,
#8,9-1-23-1693572553541,"102.19","265.36","abdomen","adult",4.13,"CT ABD PEL LE ANGIO TEDL ATR - heavy2",1,"FeetFirst","Supine","XY","Off","English (Male)","Off","0","false",,1,"Large Body",,"120",,,,,,"10",,,"90","0","0","false","0","Scout","N/A",,,,,,,,"0.04","2.44","","","Enabled",,,,,,,,,,,,"500","50","+80.00","-500.00",,,,"1",,,,,"General","Abdominal",,,"",,,"",,,,,,,,,,,,,,,,,,,,,,,,
#8,9-1-23-1693572553541,"102.19","265.36","abdomen","adult",4.13,"CT ABD PEL LE ANGIO TEDL ATR - heavy2",1,"FeetFirst","Supine","XY","Off","English (Male)","Off","0","false",,2,"Large Body",,"120",,,,,,"10",,,"0","0","0","false","0","Scout","N/A",,,,,,,,"0.04","2.44","","","Enabled",,,,,,,,,,,,"500","50","+80.00","-500.00",,,,"1",,,,,"General","Abdominal",,,"",,,"",,,,,,,,,,,,,,,,,,,,,,,,
#8,9-1-23-1693572553541,"102.19","265.36","abdomen","adult",4.13,"CT ABD PEL LE ANGIO TEDL ATR - heavy2",2,"FeetFirst","Supine","XY","On","English (Male)","On","0","false",,1,"Large Body","Manual","120","","","Manual",,,"80",,,,"0.0","0","false","0","Axial","N/A","5.0","1.0","0","10","true",,"2.0","98.34","49.17","","","Enabled","5.0","512","Stnd","0","5.0",,"0",,,,,"350","30","-100.000","-100.0",,,,"10",,"35.0","0","0","General","Abdominal",,,"",,"0","",,,,,,,,,,,,,,,,,,,,,,,,
#8,9-1-23-1693572553541,"102.19","265.36","abdomen","adult",4.13,"CT ABD PEL LE ANGIO TEDL ATR - heavy2",3,"FeetFirst","Supine","XY","On","English (Male)","On","0","false",,1,"Large Body","Manual","120","","","2","50","500",,,,,"0","0","false","0","Axial","N/A","40.0","0.6","40","1","false",,"3","3.77","211.31","","","Enabled","2.5","512","Stnd","0","2.5",,"0",,,,,"400","40","+60.000","-497.5",,,,"224",,"35.0","0","0","Runoff","Abdominal",,,"",,"0","",,,,,,,,,,,,,,,,,,,,,,,,"Enabled","5.0","512","Stnd","0","5.0",,"0",,,,,"550","55","58.75","-496.25",,,,"112",,"35.0","0","0","Abd Pelvis CTA","Abdominal",,,"",,"0","",,,,,,,,,,,,,,,,,,,,,,,,"Enabled","0.625","512","Detail","0","0.3125",,"0",,,,,"550","55","61.09375","-498.59375",,,,"1792",,"35.0","0","0","Abd Pelvis CTA","Abdominal",,,"",,"0","",,,,,,,,,,,,,,,,,,,,,,,,"Enabled","0.625","512","Stnd","0","0.6250",,"0",,,,,"550","55","60.9375","-498.4375",,,,"896",,"35.0","0","0","Abd Pelvis CTA","Abdominal",,,"",,"0","",,,,,,,,,,,,,,,,,,,,,,,,"Enabled","0.625","512","Stnd","0","0.6250",,"0",,,,,"550","55","60.9375","-498.4375",,,,"896",,"35.0","0","0","Abd Pelvis CTA","Abdominal",,,"",,"0","",,,,,,,,,,,,,,,,,,,,,,,,
#9,8-30-23-1693386511702,"10.33","415.54","abdomen","adult",4.36,"ABD-PEL CE(3phase) TEDL (site ATR) - heavy",1,"FeetFirst","Supine","XY","Off","Japanese","Off","0","false",,1,"Large Body",,"120",,,,,,"10",,,"0","5.4","0","true","2","Scout","N/A",,,,,,,,"0.04","2.02","","","Enabled",,,,,,,,,,,,"500","50","+80.00","-400.00",,,,"1",,,,,"Abd Pelvis","Abdominal",,,"",,,"",,,,,,,,,,,,,,,,,,,,,,,,
#9,8-30-23-1693386511702,"10.33","415.54","abdomen","adult",4.36,"ABD-PEL CE(3phase) TEDL (site ATR) - heavy",1,"FeetFirst","Supine","XY","Off","Japanese","Off","0","false",,2,"Large Body",,"120",,,,,,"10",,,"0","5.4","0","true","2","Scout","N/A",,,,,,,,"0.04","1.94","","","Enabled",,,,,,,,,,,,"500","50","-40.00","-500.00",,,,"1",,,,,"Abd Pelvis","Abdominal",,,"",,,"",,,,,,,,,,,,,,,,,,,,,,,,
#9,8-30-23-1693386511702,"10.33","415.54","abdomen","adult",4.36,"ABD-PEL CE(3phase) TEDL (site ATR) - heavy",1,"FeetFirst","Supine","XY","Off","Japanese","Off","0","false",,3,"Large Body",,"120",,,,,,"10",,,"90","5.4","0","true","2","Scout","N/A",,,,,,,,"0.04","1.94","","","Enabled",,,,,,,,,,,,"500","50","-40.00","-500.00",,,,"1",,,,,"Abd Pelvis","Abdominal",,,"",,,"",,,,,,,,,,,,,,,,,,,,,,,,
#9,8-30-23-1693386511702,"10.33","415.54","abdomen","adult",4.36,"ABD-PEL CE(3phase) TEDL (site ATR) - heavy",2,"FeetFirst","Supine","XY","On","Japanese","On","0","false",,1,"Large Body","Manual","120","","","2","10","500",,,,,"5.4","0","true","2","Helical","N/A","40.0","0.5",,,,"1.375:1",,"2.44","116.39","","","Enabled","5.0","512","Stnd","0","5.0","0","0",,,,,"300","25","-60.000","-490.0","7",,,"87",,"35.0","-21.662964537328037","-3.1736549735069275","Abd Pelvis","Abdominal",,,"",,"0","",,,,,,,,,,,,,,,,,,,,,,,,"Enabled","0.625","512","Stnd","0","0.625","1","0",,,,,"300","25","-60.000","-490.0","7",,,"689",,"35.0","-21.662964537328037","-3.1736549735069275","Pelvis Delayed","Abdominal",,,"",,"0","",,,,,,,,,,,,,,,,,,,,,,,,"Enabled","0.625","512","Detail","0","0.625","2","0",,,,,"300","25","-60.000","-490.0","7",,,"689",,"35.0","-21.662964537328037","-3.1736549735069275","Pelvis Delayed","Abdominal",,,"",,"0","",,,,,,,,,,,,,,,,,,,,,,,,
#9,8-30-23-1693386511702,"10.33","415.54","abdomen","adult",4.36,"ABD-PEL CE(3phase) TEDL (site ATR) - heavy",3,"FeetFirst","Supine","XY","On","Japanese","On","1","false",,1,"Large Body","Manual","120","","","2","10","500",,,,,"35.0","0","true","2","Helical","N/A","40.0","0.5",,,,"1.375:1",,"2.59","84.79","","","Enabled","5.0","512","Stnd","0","5.0","0","0",,,,,"300","25","-60.0","-340.000","7",,,"57",,"35.0","-21.662964537328037","-3.1736549735069275","---","---",,,"",,"0","",,,,,,,,,,,,,,,,,,,,,,,,"Disabled","5.0","512","Stnd","0","5.0","0","0",,,,,"300","25","-60.0","-340.000","7",,,"57",,"35.0","-21.662964537328037","-3.1736549735069275","---","---",,,"",,"0","",,,,,,,,,,,,,,,,,,,,,,,,"Disabled","5.0","512","Stnd","0","5.0","0","0",,,,,"300","25","-60.0","-340.000","7",,,"57",,"35.0","-21.662964537328037","-3.1736549735069275","---","---",,,"",,"0","",,,,,,,,,,,,,,,,,,,,,,,,"Disabled","5.0","512","Stnd","0","5.0","0","0",,,,,"300","25","-60.0","-340.000","7",,,"57",,"35.0","-21.662964537328037","-3.1736549735069275","---","---",,,"",,"0","",,,,,,,,,,,,,,,,,,,,,,,,"Disabled","5.0","512","Stnd","0","5.0","0","0",,,,,"300","25","-60.0","-340.000","7",,,"57",,"35.0","-21.662964537328037","-3.1736549735069275","---","---",,,"",,"0","",,,,,,,,,,,,,,,,,,,,,,,,"Disabled","5.0","512","Stnd","0","5.0","0","0",,,,,"300","25","-60.0","-340.000","7",,,"57",,"35.0","-21.662964537328037","-3.1736549735069275","---","---",,,"",,"0","",,,,,,,,,,,,,,,,,,,,,,,,"Disabled","5.0","512","Stnd","0","5.0","0","0",,,,,"300","25","-60.0","-340.000","7",,,"57",,"35.0","-21.662964537328037","-3.1736549735069275","---","---",,,"",,"0","",,,,,,,,,,,,,,,,,,,,,,,,"Disabled","5.0","512","Stnd","0","5.0","0","0",,,,,"300","25","-60.0","-340.000","7",,,"57",,"35.0","-21.662964537328037","-3.1736549735069275","---","---",,,"",,"0","",,,,,,,,,,,,,,,,,,,,,,,,"Disabled","5.0","512","Stnd","0","5.0","0","0",,,,,"300","25","-60.0","-340.000","7",,,"57",,"35.0","-21.662964537328037","-3.1736549735069275","---","---",,,"",,"0","",,,,,,,,,,,,,,,,,,,,,,,,"Disabled","5.0","512","Stnd","0","5.0","0","0",,,,,"300","25","-60.0","-340.000","7",,,"57",,"35.0","-21.662964537328037","-3.1736549735069275","---","---",,,"",,"0","",,,,,,,,,,,,,,,,,,,,,,,,"Disabled","5.0","512","Stnd","0","5.0","0","0",,,,,"300","25","-60.0","-340.000","7",,,"57",,"35.0","-21.662964537328037","-3.1736549735069275","---","---",,,"",,"0","",,,,,,,,,,,,,,,,,,,,,,,,"Disabled","5.0","512","Stnd","0","5.0","0","0",,,,,"300","25","-60.0","-340.000","7",,,"57",,"35.0","-21.662964537328037","-3.1736549735069275","---","---",,,"",,"0","",,,,,,,,,,,,,,,,,,,,,,,,"Disabled","5.0","512","Stnd","0","5.0","0","0",,,,,"300","25","-60.0","-340.000","7",,,"57",,"35.0","-21.662964537328037","-3.1736549735069275","---","---",,,"",,"0","",,,,,,,,,,,,,,,,,,,,,,,,
#9,8-30-23-1693386511702,"10.33","415.54","abdomen","adult",4.36,"ABD-PEL CE(3phase) TEDL (site ATR) - heavy",3,"FeetFirst","Supine","XY","On","Japanese","On","1","false",,2,"Large Body","Manual","120","","","2","10","500",,,,,"30.0","0","true","2","Helical","N/A","40.0","0.5",,,,"1.375:1",,"2.59","84.79","","","Enabled","5.0","512","Stnd","0","5.0","0","0",,,,,"300","25","-60.0","-340.000","7",,,"57",,"35.0","-21.662964537328037","-3.1736549735069275","---","---",,,"",,"0","",,,,,,,,,,,,,,,,,,,,,,,,"Enabled","0.625","512","Stnd","0","0.625","1","0",,,,,"300","25","-60.0","-340.000","7",,,"449",,"35.0","-21.662964537328037","-3.1736549735069275","---","---",,,"",,"0","",,,,,,,,,,,,,,,,,,,,,,,,"Disabled","5.0","512","Stnd","0","5.0","0","0",,,,,"300","25","-60.0","-340.000","7",,,"57",,"35.0","-21.662964537328037","-3.1736549735069275","---","---",,,"",,"0","",,,,,,,,,,,,,,,,,,,,,,,,"Enabled","1.25","512","Stnd","0","1.25","1","0",,,,,"300","25","-60.0","-340.000","7",,,"225",,"35.0","-21.662964537328037","-3.1736549735069275","---","---",,,"",,"0","",,,,,,,,,,,,,,,,,,,,,,,,"Enabled","0.625","512","Stnd","0","0.625","1","0",,,,,"300","25","-60.0","-340.000","7",,,"449",,"35.0","-21.662964537328037","-3.1736549735069275","Abdomen Arterial","Abdominal",,,"",,"0","",,,,,,,,,,,,,,,,,,,,,,,,"Disabled","5.0","512","Stnd","0","5.0","0","0",,,,,"300","25","-60.0","-340.000","7",,,"57",,"35.0","-21.662964537328037","-3.1736549735069275","---","---",,,"",,"0","",,,,,,,,,,,,,,,,,,,,,,,,"Enabled","1.25","512","Stnd","0","1.25","1","0",,,,,"300","25","-60.0","-340.000","7",,,"225",,"35.0","-21.662964537328037","-3.1736549735069275","Abd Pelvis Delayed","Abdominal",,,"",,"0","",,,,,,,,,,,,,,,,,,,,,,,,"Enabled","0.625","512","Soft","0","0.625","1","0",,,,,"300","25","-60.0","-340.000","1",,,"449",,"35.0","-21.662964537328037","-3.1736549735069275","Abdomen Arterial","Abdominal",,,"",,"0","",,,,,,,,,,,,,,,,,,,,,,,,"Disabled","5.0","512","Stnd","0","5.0","0","0",,,,,"300","25","-60.0","-340.000","7",,,"57",,"35.0","-21.662964537328037","-3.1736549735069275","---","---",,,"",,"0","",,,,,,,,,,,,,,,,,,,,,,,,"Enabled","1.25","512","Soft","0","1.25","1","0",,,,,"300","25","-60.0","-340.000","0",,,"225",,"35.0","-21.662964537328037","-3.1736549735069275","Abd Pelvis Delayed","Abdominal",,,"",,"0","",,,,,,,,,,,,,,,,,,,,,,,,"Enabled","0.625","512","Detail","0","0.625","2","128",,,,,"300","25","-60.0","-340.000","1",,,"449",,"35.0","-21.662964537328037","-3.1736549735069275","Abdomen Arterial","Abdominal",,,"",,"0","",,,,,,,,,,,,,,,,,,,,,,,,"Disabled","5.0","512","Stnd","0","5.0","0","0",,,,,"300","25","-60.0","-340.000","7",,,"57",,"35.0","-21.662964537328037","-3.1736549735069275","---","---",,,"",,"0","",,,,,,,,,,,,,,,,,,,,,,,,"Enabled","1.25","512","Detail","0","1.25","2","128",,,,,"300","25","-60.0","-340.000","0",,,"225",,"35.0","-21.662964537328037","-3.1736549735069275","Abd Pelvis Delayed","Abdominal",,,"",,"0","",,,,,,,,,,,,,,,,,,,,,,,,
#9,8-30-23-1693386511702,"10.33","415.54","abdomen","adult",4.36,"ABD-PEL CE(3phase) TEDL (site ATR) - heavy",3,"FeetFirst","Supine","XY","On","Japanese","On","1","false",,3,"Large Body","Manual","120","","","2","10","500",,,,,"100.0","0","true","2","Helical","N/A","40.0","0.5",,,,"1.375:1",,"2.59","123.67","","","Enabled","5.0","512","Stnd","0","5.0","0","0",,,,,"300","25","-60.0","-490.0","7",,,"87",,"35.0","-21.662964537328037","-3.1736549735069275","---","---",,,"",,"0","",,,,,,,,,,,,,,,,,,,,,,,,"Disabled","5.0","512","Stnd","0","5.0","0","0",,,,,"300","25","-60.0","-490.0","7",,,"87",,"35.0","-21.662964537328037","-3.1736549735069275","---","---",,,"",,"0","",,,,,,,,,,,,,,,,,,,,,,,,"Enabled","0.625","512","Stnd","0","0.625","1","0",,,,,"300","25","-60.0","-490.0","7",,,"689",,"35.0","-21.662964537328037","-3.1736549735069275","---","---",,,"",,"0","",,,,,,,,,,,,,,,,,,,,,,,,"Disabled","5.0","512","Stnd","0","5.0","0","0",,,,,"300","25","-60.0","-490.0","7",,,"87",,"35.0","-21.662964537328037","-3.1736549735069275","---","---",,,"",,"0","",,,,,,,,,,,,,,,,,,,,,,,,"Disabled","5.0","512","Stnd","0","5.0","0","0",,,,,"300","25","-60.0","-490.0","7",,,"87",,"35.0","-21.662964537328037","-3.1736549735069275","---","---",,,"",,"0","",,,,,,,,,,,,,,,,,,,,,,,,"Enabled","0.625","512","Stnd","0","0.625","1","0",,,,,"300","25","-60.0","-490.0","7",,,"689",,"35.0","-21.662964537328037","-3.1736549735069275","Abdomen Portal","Abdominal",,,"",,"0","",,,,,,,,,,,,,,,,,,,,,,,,"Disabled","5.0","512","Stnd","0","5.0","0","0",,,,,"300","25","-60.0","-490.0","7",,,"87",,"35.0","-21.662964537328037","-3.1736549735069275","---","---",,,"",,"0","",,,,,,,,,,,,,,,,,,,,,,,,"Disabled","5.0","512","Stnd","0","5.0","0","0",,,,,"300","25","-60.0","-490.0","7",,,"87",,"35.0","-21.662964537328037","-3.1736549735069275","---","---",,,"",,"0","",,,,,,,,,,,,,,,,,,,,,,,,"Enabled","0.625","512","Soft","0","0.625","1","0",,,,,"300","25","-60.0","-490.0","1",,,"689",,"35.0","-21.662964537328037","-3.1736549735069275","Abdomen Portal","Abdominal",,,"",,"0","",,,,,,,,,,,,,,,,,,,,,,,,"Disabled","5.0","512","Stnd","0","5.0","0","0",,,,,"300","25","-60.0","-490.0","7",,,"87",,"35.0","-21.662964537328037","-3.1736549735069275","---","---",,,"",,"0","",,,,,,,,,,,,,,,,,,,,,,,,"Disabled","5.0","512","Stnd","0","5.0","0","0",,,,,"300","25","-60.0","-490.0","7",,,"87",,"35.0","-21.662964537328037","-3.1736549735069275","---","---",,,"",,"0","",,,,,,,,,,,,,,,,,,,,,,,,"Enabled","0.625","512","Detail","0","0.625","2","128",,,,,"300","25","-60.0","-490.0","1",,,"689",,"35.0","-21.662964537328037","-3.1736549735069275","Abdomen Portal","Abdominal",,,"",,"0","",,,,,,,,,,,,,,,,,,,,,,,,"Disabled","5.0","512","Stnd","0","5.0","0","0",,,,,"300","25","-60.0","-490.0","7",,,"87",,"35.0","-21.662964537328037","-3.1736549735069275","---","---",,,"",,"0","",,,,,,,,,,,,,,,,,,,,,,,,
#10,Special_char_ATR_english,"187.67","1077.5300000000002","miscellaneous","adult",9.11,"ATR for special character - English @$\|/?~.,",1,"FeetFirst","Supine","SN","Off","English (Male)","Off","0","false",,1,"Large Body",,"120",,,,,,"10",,,"90","0","0","false","0","Scout","N/A",,,,,,,,"0.04","1.73","","","Enabled",,,,,,,,,,,,"500","50","+60.00","-350.00",,,,"1",,,,,"General","Thoracic",,,"",,,"",,,,,,,,,,,,,,,,,,,,,,,,"Enabled",,,,,,,,,,,,"500","50","+60.00","-350.00",,,,"1",,,,,"General","Thoracic",,,"",,,"",,,,,,,,,,,,,,,,,,,,,,,,
#10,Special_char_ATR_english,"187.67","1077.5300000000002","miscellaneous","adult",9.11,"ATR for special character - English @$\|/?~.,",1,"FeetFirst","Supine","SN","Off","English (Male)","Off","0","false",,2,"Large Body",,"120",,,,,,"10",,,"0","0","0","false","0","Scout","N/A",,,,,,,,"0.04","1.73","","","Enabled",,,,,,,,,,,,"500","50","+60.00","-350.00",,,,"1",,,,,"General","Thoracic",,,"",,,"",,,,,,,,,,,,,,,,,,,,,,,,"Enabled",,,,,,,,,,,,"500","50","+60.00","-350.00",,,,"1",,,,,"General","Thoracic",,,"",,,"",,,,,,,,,,,,,,,,,,,,,,,,
#10,Special_char_ATR_english,"187.67","1077.5300000000002","miscellaneous","adult",9.11,"ATR for special character - English @$\|/?~.,",2,"FeetFirst","Supine","SN","On","English (Female)","On","0","false",,1,"Large Body","Manual","120","","","2","50","500",,,,,"1.92","0","true","0","Helical","N/A","40.0","0.5",,,,"1.375:1",,"3.81","139.94","","","Enabled","2.5","512","Stnd","0","2.5","0","0",,,,,"350","30","+0.000","-320.000","7",,,"129",,"32.0","0","0","Routine Chest","Thoracic",,,"",,"0","",,,,,,,,,,,,,,,,,,,,,,,,"Enabled","0.625","512","Stnd","0","0.625","0","0",,,,,"480","40","+0.000","-320.0","7",,,"513",,"32.0","0","0","Arterial","Thoracic",,,"",,"0","",,,,,,,,,,,,,,,,,,,,,,,,
#10,Special_char_ATR_english,"187.67","1077.5300000000002","miscellaneous","adult",9.11,"ATR for special character - English @$\|/?~.,",2,"FeetFirst","Supine","SN","On","English (Female)","On","0","false",,2,"Large Body","Manual","120","","","2","50","500",,,,,"5.1","0","false","0","Helical","N/A","40.0","0.5",,,,"1.375:1",,"3.81","139.94","","","Enabled","2.5","512","Stnd","0","2.5","0","0",,,,,"350","30","+0.000","-320.000","7",,,"129",,"32.0","0","0","Routine Chest","Thoracic",,,"",,"0","",,,,,,,,,,,,,,,,,,,,,,,,"Enabled","0.625","512","Stnd","0","0.625","0","0",,,,,"480","40","+0.000","-320.0","7",,,"513",,"32.0","0","0","Arterial","Thoracic",,,"",,"0","",,,,,,,,,,,,,,,,,,,,,,,,
#10,Special_char_ATR_english,"187.67","1077.5300000000002","miscellaneous","adult",9.11,"ATR for special character - English @$\|/?~.,",2,"FeetFirst","Supine","SN","On","English (Female)","On","0","false",,3,"Large Body",,"120",,,,,,,,,,,"0","true",,"5","N/A","25.0","0.5",,,,,,,,"","","Enabled","5.0",,"Stnd",,"5.0",,,,,,,"400","40","0","-77.5",,,,"1",,"36","0","0",,,,,"",,,"",,,,,,,,,,,,,,,,,,,,,,,,
#10,Special_char_ATR_english,"187.67","1077.5300000000002","miscellaneous","adult",9.11,"ATR for special character - English @$\|/?~.,",3,"FeetFirst","Supine","SN","On","English (Male)","On","0","false",,1,"Cardiac Large","Manual","120","","","2","50","500",,,,,"0.0","0","false","0","Cardiac (Cine)","5","40.0","0.5","35.0",,,,,"3.54","12.38","","","Enabled","2.5","512","Stnd",,"2.5",,"0",,,,,"350","30","+0.000","32.5",,,,"14",,"32.0","0","0","Routine Chest","Thoracic",,,"",,"0","",,,,,,,,,,,,,,,,,,,,,,,,"Enabled","1.25","512","Stnd",,"1.25",,"0",,,,,"480","40","-0.625","33.125",,,,"28",,"32.0","0","0","Arterial","Thoracic",,,"",,"0","",,,,,,,,,,,,,,,,,,,,,,,,
#10,Special_char_ATR_english,"187.67","1077.5300000000002","miscellaneous","adult",9.11,"ATR for special character - English @$\|/?~.,",3,"FeetFirst","Supine","SN","On","English (Male)","On","0","false",,2,"Cardiac Large","Manual","120","","","2","50","500",,,,,"5.1","0","false","0","Cardiac (Helical)","1","40.0","0.4","35.0",,,"0.260:1",,"17.42","235.11","","","Enabled","2.5","512","Stnd",,"2.5","0","0",,,,,"350","30","+0.000","-100.000","7","0",,"41",,"32.0","0","0","Routine Chest","Thoracic",,,"",,"0","",,,,,,,,,,,,,,,,,,,,,,,,"Enabled","0.625","512","Stnd",,"0.625","0","2",,,,,"480","40","+0.000","-100.0","7","2",,"805",,"32.0","0","0","Arterial","Thoracic",,,"",,"0","",,,,,,,,,,,,,,,,,,,,,,,,
#10,Special_char_ATR_english,"187.67","1077.5300000000002","miscellaneous","adult",9.11,"ATR for special character - English @$\|/?~.,",3,"FeetFirst","Supine","SN","On","English (Male)","On","0","false",,3,"Cardiac Large","Manual","120","","","2","50","500",,,,,"4.0","0","false","0","Cardiac (Cine)","4","40.0","0.35","35.0",,,,,"3.5","36.7","","","Enabled","2.5","512","Stnd",,"2.5",,"0",,,,,"350","30","+0.000","-102.5",,,,"42",,"32.0","0","0","Routine Chest","Thoracic",,,"",,"0","",,,,,,,,,,,,,,,,,,,,,,,,"Enabled","0.625","512","Detail",,"0.625",,"32",,,,,"480","40","0.9375","-103.4375",,,,"168",,"32.0","0","0","Arterial","Thoracic",,,"",,"0","",,,,,,,,,,,,,,,,,,,,,,,,
#10,Special_char_ATR_english,"187.67","1077.5300000000002","miscellaneous","adult",9.11,"ATR for special character - English @$\|/?~.,",4,"FeetFirst","Supine","SN","On","English (Male)","On","0","false",,1,"Large Body","Manual","120","","","Manual",,"150","60",,,,"0","0","false","0","65536","N/A","10.0","0.8",,,,,,"58.35","58.35","","",,"5.0",,"Stnd",,"2.5",,,,,,,"400","40","2.5","-2.5",,,,"36",,"36","0","0",,"---",,,"",,"0","",,,,,,,,,,,,,,,,,,,,,,,,
#10,Special_char_ATR_english,"187.67","1077.5300000000002","miscellaneous","adult",9.11,"ATR for special character - English @$\|/?~.,",5,"FeetFirst","Supine","SN","On","English (Male)","On","0","false",,1,"Large Body","Manual","120","","","Manual",,"150","120",,,,"0","0","false","0","131072","N/A","40.0","0.4",,,,,,"97.16","388.65","","",,"1.25",,"Stnd",,"19.375",,,,,,,"400","40","19.375","-19.375",,,,"1221",,"36","0","0",,"---",,,"",,"0","",,,,,,,,,,,,,,,,,,,,,,,,
#11,Special_char_ATR_french,"183.86","937.5899999999999","miscellaneous","adult",9.12,"ATR for special character - French ²éèçà°^£§¤&"'^$./",1,"FeetFirst","Supine","SN","Off","English (Male)","Off","0","false",,1,"Large Body",,"120",,,,,,"10",,,"90","0","0","false","0","Scout","N/A",,,,,,,,"0.04","1.73","","","Enabled",,,,,,,,,,,,"500","50","+60.00","-350.00",,,,"1",,,,,"General","Thoracic",,,"",,,"",,,,,,,,,,,,,,,,,,,,,,,,"Enabled",,,,,,,,,,,,"500","50","+60.00","-350.00",,,,"1",,,,,"General","Thoracic",,,"",,,"",,,,,,,,,,,,,,,,,,,,,,,,
#11,Special_char_ATR_french,"183.86","937.5899999999999","miscellaneous","adult",9.12,"ATR for special character - French ²éèçà°^£§¤&"'^$./",1,"FeetFirst","Supine","SN","Off","English (Male)","Off","0","false",,2,"Large Body",,"120",,,,,,"10",,,"0","0","0","false","0","Scout","N/A",,,,,,,,"0.04","1.73","","","Enabled",,,,,,,,,,,,"500","50","+60.00","-350.00",,,,"1",,,,,"General","Thoracic",,,"",,,"",,,,,,,,,,,,,,,,,,,,,,,,"Enabled",,,,,,,,,,,,"500","50","+60.00","-350.00",,,,"1",,,,,"General","Thoracic",,,"",,,"",,,,,,,,,,,,,,,,,,,,,,,,
#11,Special_char_ATR_french,"183.86","937.5899999999999","miscellaneous","adult",9.12,"ATR for special character - French ²éèçà°^£§¤&"'^$./",2,"FeetFirst","Supine","SN","On","French","On","0","false",,1,"Large Body","Manual","120","","","2","50","500",,,,,"2.02","0","true","0","Helical","N/A","40.0","0.5",,,,"1.375:1",,"3.81","139.94","","","Enabled","2.5","512","Stnd","0","2.5","0","0",,,,,"350","30","+0.000","-320.000","7",,,"129",,"32.0","0","0","Routine Chest","Thoracic",,,"",,"0","",,,,,,,,,,,,,,,,,,,,,,,,"Enabled","0.625","512","Stnd","0","0.625","0","0",,,,,"480","40","+0.000","-320.0","7",,,"513",,"32.0","0","0","Arterial","Thoracic",,,"",,"0","",,,,,,,,,,,,,,,,,,,,,,,,
#11,Special_char_ATR_french,"183.86","937.5899999999999","miscellaneous","adult",9.12,"ATR for special character - French ²éèçà°^£§¤&"'^$./",2,"FeetFirst","Supine","SN","On","French","On","0","false",,2,"Large Body",,"120",,,,,,,,,,,"0","true",,"5","N/A","25.0","0.5",,,,,,,,"","","Enabled","5.0",,"Stnd",,"5.0",,,,,,,"400","40","0","-77.5",,,,"1",,"36","0","0",,,,,"",,,"",,,,,,,,,,,,,,,,,,,,,,,,
#11,Special_char_ATR_french,"183.86","937.5899999999999","miscellaneous","adult",9.12,"ATR for special character - French ²éèçà°^£§¤&"'^$./",3,"FeetFirst","Supine","SN","On","English (Male)","On","0","false",,1,"Cardiac Large","Manual","120","","","2","50","500",,,,,"0.0","0","false","0","Cardiac (Cine)","5","40.0","0.5","35.0",,,,,"3.54","12.38","","","Enabled","2.5","512","Stnd",,"2.5",,"0",,,,,"350","30","+0.000","32.5",,,,"14",,"32.0","0","0","Routine Chest","Thoracic",,,"",,"0","",,,,,,,,,,,,,,,,,,,,,,,,"Enabled","1.25","512","Stnd",,"1.25",,"0",,,,,"480","40","-0.625","33.125",,,,"28",,"32.0","0","0","Arterial","Thoracic",,,"",,"0","",,,,,,,,,,,,,,,,,,,,,,,,
#11,Special_char_ATR_french,"183.86","937.5899999999999","miscellaneous","adult",9.12,"ATR for special character - French ²éèçà°^£§¤&"'^$./",3,"FeetFirst","Supine","SN","On","English (Male)","On","0","false",,2,"Cardiac Large","Manual","120","","","2","50","500",,,,,"5.1","0","false","0","Cardiac (Helical)","1","40.0","0.4","35.0",,,"0.260:1",,"17.42","235.11","","","Enabled","2.5","512","Stnd",,"2.5","0","0",,,,,"350","30","+0.000","-100.000","7","0",,"41",,"32.0","0","0","Routine Chest","Thoracic",,,"",,"0","",,,,,,,,,,,,,,,,,,,,,,,,"Enabled","0.625","512","Stnd",,"0.625","0","2",,,,,"480","40","+0.000","-100.0","7","2",,"805",,"32.0","0","0","Arterial","Thoracic",,,"",,"0","",,,,,,,,,,,,,,,,,,,,,,,,
#11,Special_char_ATR_french,"183.86","937.5899999999999","miscellaneous","adult",9.12,"ATR for special character - French ²éèçà°^£§¤&"'^$./",3,"FeetFirst","Supine","SN","On","English (Male)","On","0","false",,3,"Cardiac Large","Manual","120","","","2","50","500",,,,,"4.0","0","false","0","Cardiac (Cine)","4","40.0","0.35","35.0",,,,,"3.5","36.7","","","Enabled","2.5","512","Stnd",,"2.5",,"0",,,,,"350","30","+0.000","-102.5",,,,"42",,"32.0","0","0","Routine Chest","Thoracic",,,"",,"0","",,,,,,,,,,,,,,,,,,,,,,,,"Enabled","0.625","512","Detail",,"0.625",,"32",,,,,"480","40","0.9375","-103.4375",,,,"168",,"32.0","0","0","Arterial","Thoracic",,,"",,"0","",,,,,,,,,,,,,,,,,,,,,,,,
#11,Special_char_ATR_french,"183.86","937.5899999999999","miscellaneous","adult",9.12,"ATR for special character - French ²éèçà°^£§¤&"'^$./",4,"FeetFirst","Supine","SN","On","English (Male)","On","0","false",,1,"Large Body","Manual","120","","","Manual",,"150","60",,,,"0","0","false","0","65536","N/A","10.0","0.8",,,,,,"58.35","58.35","","",,"5.0",,"Stnd",,"2.5",,,,,,,"400","40","2.5","-2.5",,,,"36",,"36","0","0",,"---",,,"",,"0","",,,,,,,,,,,,,,,,,,,,,,,,
#11,Special_char_ATR_french,"183.86","937.5899999999999","miscellaneous","adult",9.12,"ATR for special character - French ²éèçà°^£§¤&"'^$./",5,"FeetFirst","Supine","SN","On","English (Male)","On","0","false",,1,"Large Body","Manual","120","","","Manual",,"150","120",,,,"0","0","false","0","131072","N/A","40.0","0.4",,,,,,"97.16","388.65","","",,"1.25",,"Stnd",,"19.375",,,,,,,"400","40","19.375","-19.375",,,,"1221",,"36","0","0",,"---",,,"",,"0","",,,,,,,,,,,,,,,,,,,,,,,,
#12,Special_char_ATR_german,"183.86","937.5899999999999","miscellaneous","adult",9.13,"ATR for special character - German ß°§üÜ*öäÖÄ²³µâáà",1,"FeetFirst","Supine","SN","Off","English (Male)","Off","0","false",,1,"Large Body",,"120",,,,,,"10",,,"90","0","0","false","0","Scout","N/A",,,,,,,,"0.04","1.73","","","Enabled",,,,,,,,,,,,"500","50","+60.00","-350.00",,,,"1",,,,,"General","Thoracic",,,"",,,"",,,,,,,,,,,,,,,,,,,,,,,,"Enabled",,,,,,,,,,,,"500","50","+60.00","-350.00",,,,"1",,,,,"General","Thoracic",,,"",,,"",,,,,,,,,,,,,,,,,,,,,,,,
#12,Special_char_ATR_german,"183.86","937.5899999999999","miscellaneous","adult",9.13,"ATR for special character - German ß°§üÜ*öäÖÄ²³µâáà",1,"FeetFirst","Supine","SN","Off","English (Male)","Off","0","false",,2,"Large Body",,"120",,,,,,"10",,,"0","0","0","false","0","Scout","N/A",,,,,,,,"0.04","1.73","","","Enabled",,,,,,,,,,,,"500","50","+60.00","-350.00",,,,"1",,,,,"General","Thoracic",,,"",,,"",,,,,,,,,,,,,,,,,,,,,,,,"Enabled",,,,,,,,,,,,"500","50","+60.00","-350.00",,,,"1",,,,,"General","Thoracic",,,"",,,"",,,,,,,,,,,,,,,,,,,,,,,,
#12,Special_char_ATR_german,"183.86","937.5899999999999","miscellaneous","adult",9.13,"ATR for special character - German ß°§üÜ*öäÖÄ²³µâáà",2,"FeetFirst","Supine","SN","On","German (Female)","On","0","false",,1,"Large Body","Manual","120","","","2","50","500",,,,,"2.42","0","true","0","Helical","N/A","40.0","0.5",,,,"1.375:1",,"3.81","139.94","","","Enabled","2.5","512","Stnd","0","2.5","0","0",,,,,"350","30","+0.000","-320.000","7",,,"129",,"32.0","0","0","Routine Chest","Thoracic",,,"",,"0","",,,,,,,,,,,,,,,,,,,,,,,,"Enabled","0.625","512","Stnd","0","0.625","0","0",,,,,"480","40","+0.000","-320.0","7",,,"513",,"32.0","0","0","Arterial","Thoracic",,,"",,"0","",,,,,,,,,,,,,,,,,,,,,,,,
#12,Special_char_ATR_german,"183.86","937.5899999999999","miscellaneous","adult",9.13,"ATR for special character - German ß°§üÜ*öäÖÄ²³µâáà",2,"FeetFirst","Supine","SN","On","German (Female)","On","0","false",,2,"Large Body",,"120",,,,,,,,,,,"0","true",,"5","N/A","25.0","0.5",,,,,,,,"","","Enabled","5.0",,"Stnd",,"5.0",,,,,,,"400","40","0","-77.5",,,,"1",,"36","0","0",,,,,"",,,"",,,,,,,,,,,,,,,,,,,,,,,,
#12,Special_char_ATR_german,"183.86","937.5899999999999","miscellaneous","adult",9.13,"ATR for special character - German ß°§üÜ*öäÖÄ²³µâáà",3,"FeetFirst","Supine","SN","On","English (Male)","On","0","false",,1,"Cardiac Large","Manual","120","","","2","50","500",,,,,"0.0","0","false","0","Cardiac (Cine)","5","40.0","0.5","35.0",,,,,"3.54","12.38","","","Enabled","2.5","512","Stnd",,"2.5",,"0",,,,,"350","30","+0.000","32.5",,,,"14",,"32.0","0","0","Routine Chest","Thoracic",,,"",,"0","",,,,,,,,,,,,,,,,,,,,,,,,"Enabled","1.25","512","Stnd",,"1.25",,"0",,,,,"480","40","-0.625","33.125",,,,"28",,"32.0","0","0","Arterial","Thoracic",,,"",,"0","",,,,,,,,,,,,,,,,,,,,,,,,
#12,Special_char_ATR_german,"183.86","937.5899999999999","miscellaneous","adult",9.13,"ATR for special character - German ß°§üÜ*öäÖÄ²³µâáà",3,"FeetFirst","Supine","SN","On","English (Male)","On","0","false",,2,"Cardiac Large","Manual","120","","","2","50","500",,,,,"5.1","0","false","0","Cardiac (Helical)","1","40.0","0.4","35.0",,,"0.260:1",,"17.42","235.11","","","Enabled","2.5","512","Stnd",,"2.5","0","0",,,,,"350","30","+0.000","-100.000","7","0",,"41",,"32.0","0","0","Routine Chest","Thoracic",,,"",,"0","",,,,,,,,,,,,,,,,,,,,,,,,"Enabled","0.625","512","Stnd",,"0.625","0","2",,,,,"480","40","+0.000","-100.0","7","2",,"805",,"32.0","0","0","Arterial","Thoracic",,,"",,"0","",,,,,,,,,,,,,,,,,,,,,,,,
#12,Special_char_ATR_german,"183.86","937.5899999999999","miscellaneous","adult",9.13,"ATR for special character - German ß°§üÜ*öäÖÄ²³µâáà",3,"FeetFirst","Supine","SN","On","English (Male)","On","0","false",,3,"Cardiac Large","Manual","120","","","2","50","500",,,,,"4.0","0","false","0","Cardiac (Cine)","4","40.0","0.35","35.0",,,,,"3.5","36.7","","","Enabled","2.5","512","Stnd",,"2.5",,"0",,,,,"350","30","+0.000","-102.5",,,,"42",,"32.0","0","0","Routine Chest","Thoracic",,,"",,"0","",,,,,,,,,,,,,,,,,,,,,,,,"Enabled","0.625","512","Detail",,"0.625",,"32",,,,,"480","40","0.9375","-103.4375",,,,"168",,"32.0","0","0","Arterial","Thoracic",,,"",,"0","",,,,,,,,,,,,,,,,,,,,,,,,
#12,Special_char_ATR_german,"183.86","937.5899999999999","miscellaneous","adult",9.13,"ATR for special character - German ß°§üÜ*öäÖÄ²³µâáà",4,"FeetFirst","Supine","SN","On","English (Male)","On","0","false",,1,"Large Body","Manual","120","","","Manual",,"150","60",,,,"0","0","false","0","65536","N/A","10.0","0.8",,,,,,"58.35","58.35","","",,"5.0",,"Stnd",,"2.5",,,,,,,"400","40","2.5","-2.5",,,,"36",,"36","0","0",,"---",,,"",,"0","",,,,,,,,,,,,,,,,,,,,,,,,
#12,Special_char_ATR_german,"183.86","937.5899999999999","miscellaneous","adult",9.13,"ATR for special character - German ß°§üÜ*öäÖÄ²³µâáà",5,"FeetFirst","Supine","SN","On","English (Male)","On","0","false",,1,"Large Body","Manual","120","","","Manual",,"150","120",,,,"0","0","false","0","131072","N/A","40.0","0.4",,,,,,"97.16","388.65","","",,"1.25",,"Stnd",,"19.375",,,,,,,"400","40","19.375","-19.375",,,,"1221",,"36","0","0",,"---",,,"",,"0","",,,,,,,,,,,,,,,,,,,,,,,,
#13,Special_char_ATR_spanish,"183.86","937.5899999999999","miscellaneous","adult",9.14,"ATR for special character - Spanish º¡ª¿ñ´çÑ¨Ç¬àâáä",1,"FeetFirst","Supine","SN","Off","English (Male)","Off","0","false",,1,"Large Body",,"120",,,,,,"10",,,"90","0","0","false","0","Scout","N/A",,,,,,,,"0.04","1.73","","","Enabled",,,,,,,,,,,,"500","50","+60.00","-350.00",,,,"1",,,,,"General","Thoracic",,,"",,,"",,,,,,,,,,,,,,,,,,,,,,,,"Enabled",,,,,,,,,,,,"500","50","+60.00","-350.00",,,,"1",,,,,"General","Thoracic",,,"",,,"",,,,,,,,,,,,,,,,,,,,,,,,
#13,Special_char_ATR_spanish,"183.86","937.5899999999999","miscellaneous","adult",9.14,"ATR for special character - Spanish º¡ª¿ñ´çÑ¨Ç¬àâáä",1,"FeetFirst","Supine","SN","Off","English (Male)","Off","0","false",,2,"Large Body",,"120",,,,,,"10",,,"0","0","0","false","0","Scout","N/A",,,,,,,,"0.04","1.73","","","Enabled",,,,,,,,,,,,"500","50","+60.00","-350.00",,,,"1",,,,,"General","Thoracic",,,"",,,"",,,,,,,,,,,,,,,,,,,,,,,,"Enabled",,,,,,,,,,,,"500","50","+60.00","-350.00",,,,"1",,,,,"General","Thoracic",,,"",,,"",,,,,,,,,,,,,,,,,,,,,,,,
#13,Special_char_ATR_spanish,"183.86","937.5899999999999","miscellaneous","adult",9.14,"ATR for special character - Spanish º¡ª¿ñ´çÑ¨Ç¬àâáä",2,"FeetFirst","Supine","SN","On","Spanish (European)","On","0","false",,1,"Large Body","Manual","120","","","2","50","500",,,,,"1.4","0","true","0","Helical","N/A","40.0","0.5",,,,"1.375:1",,"3.81","139.94","","","Enabled","2.5","512","Stnd","0","2.5","0","0",,,,,"350","30","+0.000","-320.000","7",,,"129",,"32.0","0","0","Routine Chest","Thoracic",,,"",,"0","",,,,,,,,,,,,,,,,,,,,,,,,"Enabled","0.625","512","Stnd","0","0.625","0","0",,,,,"480","40","+0.000","-320.0","7",,,"513",,"32.0","0","0","Arterial","Thoracic",,,"",,"0","",,,,,,,,,,,,,,,,,,,,,,,,
#13,Special_char_ATR_spanish,"183.86","937.5899999999999","miscellaneous","adult",9.14,"ATR for special character - Spanish º¡ª¿ñ´çÑ¨Ç¬àâáä",2,"FeetFirst","Supine","SN","On","Spanish (European)","On","0","false",,2,"Large Body",,"120",,,,,,,,,,,"0","true",,"5","N/A","25.0","0.5",,,,,,,,"","","Enabled","5.0",,"Stnd",,"5.0",,,,,,,"400","40","0","-77.5",,,,"1",,"36","0","0",,,,,"",,,"",,,,,,,,,,,,,,,,,,,,,,,,
#13,Special_char_ATR_spanish,"183.86","937.5899999999999","miscellaneous","adult",9.14,"ATR for special character - Spanish º¡ª¿ñ´çÑ¨Ç¬àâáä",3,"FeetFirst","Supine","SN","On","English (Male)","On","0","false",,1,"Cardiac Large","Manual","120","","","2","50","500",,,,,"0.0","0","false","0","Cardiac (Cine)","5","40.0","0.5","35.0",,,,,"3.54","12.38","","","Enabled","2.5","512","Stnd",,"2.5",,"0",,,,,"350","30","+0.000","32.5",,,,"14",,"32.0","0","0","Routine Chest","Thoracic",,,"",,"0","",,,,,,,,,,,,,,,,,,,,,,,,"Enabled","1.25","512","Stnd",,"1.25",,"0",,,,,"480","40","-0.625","33.125",,,,"28",,"32.0","0","0","Arterial","Thoracic",,,"",,"0","",,,,,,,,,,,,,,,,,,,,,,,,
#13,Special_char_ATR_spanish,"183.86","937.5899999999999","miscellaneous","adult",9.14,"ATR for special character - Spanish º¡ª¿ñ´çÑ¨Ç¬àâáä",3,"FeetFirst","Supine","SN","On","English (Male)","On","0","false",,2,"Cardiac Large","Manual","120","","","2","50","500",,,,,"5.1","0","false","0","Cardiac (Helical)","1","40.0","0.4","35.0",,,"0.260:1",,"17.42","235.11","","","Enabled","2.5","512","Stnd",,"2.5","0","0",,,,,"350","30","+0.000","-100.000","7","0",,"41",,"32.0","0","0","Routine Chest","Thoracic",,,"",,"0","",,,,,,,,,,,,,,,,,,,,,,,,"Enabled","0.625","512","Stnd",,"0.625","0","2",,,,,"480","40","+0.000","-100.0","7","2",,"805",,"32.0","0","0","Arterial","Thoracic",,,"",,"0","",,,,,,,,,,,,,,,,,,,,,,,,
#13,Special_char_ATR_spanish,"183.86","937.5899999999999","miscellaneous","adult",9.14,"ATR for special character - Spanish º¡ª¿ñ´çÑ¨Ç¬àâáä",3,"FeetFirst","Supine","SN","On","English (Male)","On","0","false",,3,"Cardiac Large","Manual","120","","","2","50","500",,,,,"4.0","0","false","0","Cardiac (Cine)","4","40.0","0.35","35.0",,,,,"3.5","36.7","","","Enabled","2.5","512","Stnd",,"2.5",,"0",,,,,"350","30","+0.000","-102.5",,,,"42",,"32.0","0","0","Routine Chest","Thoracic",,,"",,"0","",,,,,,,,,,,,,,,,,,,,,,,,"Enabled","0.625","512","Detail",,"0.625",,"32",,,,,"480","40","0.9375","-103.4375",,,,"168",,"32.0","0","0","Arterial","Thoracic",,,"",,"0","",,,,,,,,,,,,,,,,,,,,,,,,
#13,Special_char_ATR_spanish,"183.86","937.5899999999999","miscellaneous","adult",9.14,"ATR for special character - Spanish º¡ª¿ñ´çÑ¨Ç¬àâáä",4,"FeetFirst","Supine","SN","On","English (Male)","On","0","false",,1,"Large Body","Manual","120","","","Manual",,"150","60",,,,"0","0","false","0","65536","N/A","10.0","0.8",,,,,,"58.35","58.35","","",,"5.0",,"Stnd",,"2.5",,,,,,,"400","40","2.5","-2.5",,,,"36",,"36","0","0",,"---",,,"",,"0","",,,,,,,,,,,,,,,,,,,,,,,,
#13,Special_char_ATR_spanish,"183.86","937.5899999999999","miscellaneous","adult",9.14,"ATR for special character - Spanish º¡ª¿ñ´çÑ¨Ç¬àâáä",5,"FeetFirst","Supine","SN","On","English (Male)","On","0","false",,1,"Large Body","Manual","120","","","Manual",,"150","120",,,,"0","0","false","0","131072","N/A","40.0","0.4",,,,,,"97.16","388.65","","",,"1.25",,"Stnd",,"19.375",,,,,,,"400","40","19.375","-19.375",,,,"1221",,"36","0","0",,"---",,,"",,"0","",,,,,,,,,,,,,,,,,,,,,,,,
